name,category,brend,type,power,test_down,test_up,length,sensi,rig,stroy,bonus_opit,bonus_snast,bonus_nav,bonus_zabros,stren,lvl,price_ser,price_gold,system_id,photo,source_url
Ultima S-M100HH,Спиннинговые,Ultima,Спиннинг,XH,15,70,3,8,10,Средний,,Искуств. +2-3,10%,,142,32,24861,,spin_10158_M100HH,/uploads/rods/spin_10158_M100HH.png,https://potryasovgame.ru/page110667676.html
Ultima S-M88HH,Спиннинговые,Ultima,Спиннинг,XH,12,50,"2,7",8,9,Средний,,Искуств. +2-3,10%,,136,32,22958,,spin_10158_M88HH,/uploads/rods/spin_10158_M88HH.png,https://potryasovgame.ru/page110667676.html
Ultima S-M87H,Спиннинговые,Ultima,Спиннинг,H,7,30,"2,6",9,9,Средний,,Искуств. +2-3,10%,,125,32,21802,,spin_10158_M87H,/uploads/rods/spin_10158_M87H.png,https://potryasovgame.ru/page110667676.html
Ultima S-M78L,Спиннинговые,Ultima,Спиннинг,L,2,12,"2,35",9,7,Средний,50%,Искуств. +2-3,10%,,38,32,20808,,spin_10158_M78L,/uploads/rods/spin_10158_M78L.png,https://potryasovgame.ru/page110667676.html
Ultima S-M75ML,Спиннинговые,Ultima,Спиннинг,ML,3,18,"2,25",9,8,Средний,25%,Искуств. +2-3,10%,,62,32,18808,,spin_10158_M75ML,/uploads/rods/spin_10158_M75ML.png,https://potryasovgame.ru/page110667676.html
Ultima S-M61L,Спиннинговые,Ultima,Спиннинг,L,2,8,"1,8",9,7,Средний,50%,Искуств. +2-3,10%,,36,32,18773,,spin_10158_M61L,/uploads/rods/spin_10158_M61L.png,https://potryasovgame.ru/page110667676.html
Ultima S-M68ML,Спиннинговые,Ultima,Спиннинг,ML,3,12,2,9,8,Средний,25%,Искуств. +2-3,10%,,60,32,17773,,spin_10158_M68ML,/uploads/rods/spin_10158_M68ML.png,https://potryasovgame.ru/page110667676.html
Ultima S-M60UL,Спиннинговые,Ultima,Спиннинг,UL,1,5,"1,8",10,7,Средний,100%,Искуств. +2-3,10%,,14,32,17773,,spin_10158_M60UL,/uploads/rods/spin_10158_M60UL.png,https://potryasovgame.ru/page110667676.html
Trout Master S-M82M,Спиннинговые,Trout,Спиннинг,M,5,20,"2,5",7,7,Средний,,Воблер +2,,10%,80,30,14442,,spin_10157_M82M,/uploads/rods/spin_10157_M82M.png,https://potryasovgame.ru/page110667676.html
Trout Master S-M71ML,Спиннинговые,Trout,Спиннинг,ML,3,18,"2,15",8,7,Средний,25%,Воблер +2,,10%,50,30,13937,,spin_10157_M71ML,/uploads/rods/spin_10157_M71ML.png,https://potryasovgame.ru/page110667676.html
Trout Master S-M68L,Спиннинговые,Trout,Спиннинг,L,2,10,2,8,7,Средний,50%,Воблер +2,,10%,25,30,13310,,spin_10157_M68L,/uploads/rods/spin_10157_M68L.png,https://potryasovgame.ru/page110667676.html
Aquilon S-M70UL,Спиннинговые,Aquilon,Спиннинг,UL,"0,5",5,"2,1",8,6,Средний,100%,Воблер +2,,10%,13,30,12805,,spin_10156_M70UL,/uploads/rods/spin_10156_M70UL.png,https://potryasovgame.ru/page110667676.html
Trout Master S-M60L,Спиннинговые,Trout,Спиннинг,L,1,8,"1,8",8,6,Средний,50%,Воблер +2,,10%,21,30,12560,,spin_10157_M60L,/uploads/rods/spin_10157_M60L.png,https://potryasovgame.ru/page110667676.html
Aquilon S-M71L,Спиннинговые,Aquilon,Спиннинг,L,1,7,"2,1",8,6,Средний,50%,Воблер +2,,10%,20,30,11563,,spin_10156_M71L,/uploads/rods/spin_10156_M71L.png,https://potryasovgame.ru/page110667676.html
Aquilon S-M68ULL,Спиннинговые,Aquilon,Спиннинг,UL,"0,5",4,2,8,6,Средний,100%,Воблер +2,,10%,12,30,11563,,spin_10156_M68ULL,/uploads/rods/spin_10156_M68ULL.png,https://potryasovgame.ru/page110667676.html
Vexillar S-F66L,Спиннинговые,Vexillar,Спиннинг,L,"1,75","8,75",2,9,7,Быстрый,50%,Джиговые +3,,,"17,1",28,9118,,spin_10155_F66L,/uploads/rods/spin_10155_F66L.png,https://potryasovgame.ru/page110667676.html
Vexillar S-F66MH,Спиннинговые,Vexillar,Спиннинг,MH,7,28,2,8,9,Быстрый,,Джиговые +3,,,40,28,9118,,spin_10155_F66MH,/uploads/rods/spin_10155_F66MH.png,https://potryasovgame.ru/page110667676.html
Vexillar S-F70UL,Спиннинговые,Vexillar,Спиннинг,UL,1,4,"2,1",9,7,Быстрый,100%,Джиговые +3,,,10,28,9118,,spin_10155_F70UL,/uploads/rods/spin_10155_F70UL.png,https://potryasovgame.ru/page110667676.html
Barracuda SPSL88MH,Спиннинговые,Barracuda,Спиннинг,MH,7,45,"2,7",1,2,Медленный,,,,,"96,6",26,8199,,spin_10065_SPSL88MH,/uploads/rods/spin_10065_SPSL88MH.png,https://potryasovgame.ru/page110667676.html
Barracuda SPM88H,Спиннинговые,Barracuda,Спиннинг,H,15,80,"2,7",1,3,Средний,,,,,95,26,7999,,spin_10065_SPM88H,/uploads/rods/spin_10065_SPM88H.png,https://potryasovgame.ru/page110667676.html
Black Edition SPF78XH,Спиннинговые,Black,Спиннинг,XH,14,42,"2,4",3,8,Быстрый,,Воблер +2,,,"51,3",28,7305,,spin_10068_SPF78XH,/uploads/rods/spin_10068_SPF78XH.png,https://potryasovgame.ru/page110667676.html
Black Edition SPM78MH,Спиннинговые,Black,Спиннинг,MH,7,28,"2,4",3,7,Средний,,,,15%,"50,8",28,7305,,spin_10068_SPM78MH,/uploads/rods/spin_10068_SPM78MH.png,https://potryasovgame.ru/page110667676.html
Black Edition SPXF68H,Спиннинговые,Black,Спиннинг,H,12,28,"2,1",3,8,Сверх,,Воблер +2,,,"43,7",28,6948,,spin_10068_SPXF68H,/uploads/rods/spin_10068_SPXF68H.png,https://potryasovgame.ru/page110667676.html
Black Edition SPXF68M,Спиннинговые,Black,Спиннинг,M,7,16,"2,1",3,7,Средний,,,7%,,"40,7",28,6948,,spin_10068_SPXF68M,/uploads/rods/spin_10068_SPXF68M.png,https://potryasovgame.ru/page110667676.html
Black Edition SPM68MH,Спиннинговые,Black,Спиннинг,MH,7,28,"2,1",3,7,Средний,,,7%,,"50,8",28,6948,,spin_10068_SPM68MH,/uploads/rods/spin_10068_SPM68MH.png,https://potryasovgame.ru/page110667676.html
Black Edition SPXF60H,Спиннинговые,Black,Спиннинг,H,12,28,"1,8",3,8,Сверх,,Воблер +2,,,"43,7",28,6646,,spin_10068_SPXF60H,/uploads/rods/spin_10068_SPXF60H.png,https://potryasovgame.ru/page110667676.html
Black Edition SPF60MH,Спиннинговые,Black,Спиннинг,MH,7,21,"1,8",3,7,Быстрый,,,7%,,45,28,6487,,spin_10068_SPF60MH,/uploads/rods/spin_10068_SPF60MH.png,https://potryasovgame.ru/page110667676.html
Black Edition SPM60ML,Спиннинговые,Black,Спиннинг,ML,3,12,"1,8",4,5,Средний,25%,,7%,,"30,3",28,6487,,spin_10068_SPM60ML,/uploads/rods/spin_10068_SPM60ML.png,https://potryasovgame.ru/page110667676.html
Barracuda SPM88M,Спиннинговые,Barracuda,Спиннинг,M,5,25,"2,7",1,3,Средний,,,,,"78,8",26,6398,,spin_10065_SPM88M,/uploads/rods/spin_10065_SPM88M.png,https://potryasovgame.ru/page110667676.html
Barracuda SPM78M,Спиннинговые,Barracuda,Спиннинг,M,4,18,"2,4",1,3,Средний,,,,,79,26,6299,,spin_10065_SPM78ML,/uploads/rods/spin_10065_SPM78ML.png,https://potryasovgame.ru/page110667676.html
Barracuda SPM68M,Спиннинговые,Barracuda,Спиннинг,M,5,25,"2,1",1,3,Средний,,,,,"78,8",26,5998,,spin_10065_SPM68M,/uploads/rods/spin_10065_SPM68M.png,https://potryasovgame.ru/page110667676.html
Armada SPF78MH,Спиннинговые,Armada,Спиннинг,MH,7,21,"2,4",7,8,Быстрый,,Джиговые +2,,,"22,8",28,5846,,spin_10067_SPF78MH,/uploads/rods/spin_10067_SPF78MH.png,https://potryasovgame.ru/page110667676.html
Armada SPEF68H,Спиннинговые,Armada,Спиннинг,H,12,28,"2,1",7,9,Сверх,,Джиговые +3,,,"21,9",28,5770,,spin_10067_SPEF68H,/uploads/rods/spin_10067_SPEF68H.png,https://potryasovgame.ru/page110667676.html
Armada SPF68XH,Спиннинговые,Armada,Спиннинг,XH,14,48,"2,1",7,10,Быстрый,,Джиговые +2,,,"25,7",28,5770,,spin_10067_SPF68XH,/uploads/rods/spin_10067_SPF68XH.png,https://potryasovgame.ru/page110667676.html
Armada SPEF68M,Спиннинговые,Armada,Спиннинг,M,4,10,"2,1",8,7,Сверх,,Джиговые +3,,,"13,8",28,5700,,spin_10067_SPEF68M,/uploads/rods/spin_10067_SPEF68M.png,https://potryasovgame.ru/page110667676.html
Armada SPF60M,Спиннинговые,Armada,Спиннинг,M,5,14,"1,8",8,8,Быстрый,,Джиговые +2,,,"16,8",28,5542,,spin_10067_SPF60M,/uploads/rods/spin_10067_SPF60M.png,https://potryasovgame.ru/page110667676.html
Armada SPF60MH,Спиннинговые,Armada,Спиннинг,MH,7,21,"1,8",7,8,Быстрый,,Джиговые +2,,,"22,8",28,5536,,spin_10067_SPF60MH,/uploads/rods/spin_10067_SPF60MH.png,https://potryasovgame.ru/page110667676.html
Legend SPF77ML,Спиннинговые,Legend,Спиннинг,ML,"3,5",12,"2,4",5,6,Быстрый,25%,Воблер +1,5%,,29,28,5441,,spin_10146_SPF77ML,/uploads/rods/spin_10146_SPF77ML.png,https://potryasovgame.ru/page110667676.html
Legend SPF77XH,Спиннинговые,Legend,Спиннинг,XH,12,45,"2,4",5,9,Быстрый,,Воблер +1,5%,,"42,5",28,5441,,spin_10146_SPF77XH,/uploads/rods/spin_10146_SPF77XH.png,https://potryasovgame.ru/page110667676.html
Legend SPF70M,Спиннинговые,Legend,Спиннинг,M,5,"17,5","2,1",5,6,Быстрый,,Воблер +1,5%,,"39,5",28,5383,,spin_10146_SPF70M,/uploads/rods/spin_10146_SPF70M.png,https://potryasovgame.ru/page110667676.html
Legend SPF70MH,Спиннинговые,Legend,Спиннинг,MH,7,21,"2,1",5,7,Быстрый,,Воблер +1,5%,,"42,1",28,5383,,spin_10146_SPF70MH,/uploads/rods/spin_10146_SPF70MH.png,https://potryasovgame.ru/page110667676.html
Legend SPF77H,Спиннинговые,Legend,Спиннинг,H,"10,5",28,"2,4",5,8,Быстрый,,Воблер +1,5%,,"41,5",28,5383,,spin_10146_SPF77H,/uploads/rods/spin_10146_SPF77H.png,https://potryasovgame.ru/page110667676.html
Legend SPF66M,Спиннинговые,Legend,Спиннинг,M,5,"17,5","1,8",5,6,Быстрый,,Воблер +1,5%,,"39,5",28,5313,,spin_10146_SPF66M,/uploads/rods/spin_10146_SPF66M.png,https://potryasovgame.ru/page110667676.html
Legend SPF68ML,Спиннинговые,Legend,Спиннинг,ML,"3,5",12,2,5,6,Быстрый,25%,Воблер +1,5%,,29,28,5313,,spin_10146_SPF68ML,/uploads/rods/spin_10146_SPF68ML.png,https://potryasovgame.ru/page110667676.html
Legend SPF66UL,Спиннинговые,Legend,Спиннинг,UL,1,5,"1,8",6,5,Быстрый,100%,Воблер +1,5%,,"10,1",28,5313,,spin_10146_SPF66UL,/uploads/rods/spin_10146_SPF66UL.png,https://potryasovgame.ru/page110667676.html
Legend SPF66L,Спиннинговые,Legend,Спиннинг,L,2,8,"1,8",6,6,Быстрый,50%,Воблер +1,5%,,16,28,5081,,spin_10146_SPF66L,/uploads/rods/spin_10146_SPF66L.png,https://potryasovgame.ru/page110667676.html
Advent S-F100HHH,Спиннинговые,Advent,Спиннинг,XH,21,70,3,6,10,Быстрый,,,,,57,26,4995,,spin_10154_F100HHH,/uploads/rods/spin_10154_F100HHH.png,https://potryasovgame.ru/page110667676.html
Advent S-F96H,Спиннинговые,Advent,Спиннинг,H,8,42,"2,9",7,8,Быстрый,,,,,45,26,4929,,spin_10154_F96H,/uploads/rods/spin_10154_F96H.png,https://potryasovgame.ru/page110667676.html
Palmera UL SPM78L,Спиннинговые,Palmera,Спиннинг,L,2,9,"2,4",3,3,Средний,50%,,,,"31,7",26,4920,,spin_10066_SPM78UL,/uploads/rods/spin_10066_SPM78UL.png,https://potryasovgame.ru/page110667676.html
Advent S-F93MH,Спиннинговые,Advent,Спиннинг,MH,5,28,"2,8",7,7,Быстрый,,,,,50,26,4859,,spin_10154_F93MH,/uploads/rods/spin_10154_F93MH.png,https://potryasovgame.ru/page110667676.html
Advent S-F86HH,Спиннинговые,Advent,Спиннинг,XH,10,56,"2,6",7,9,Быстрый,,,,,50,26,4813,,spin_10154_F86HH,/uploads/rods/spin_10154_F86HH.png,https://potryasovgame.ru/page110667676.html
Advent S-F70HHH,Спиннинговые,Advent,Спиннинг,XH,21,70,"2,1",6,10,Быстрый,,,,,53,26,4709,,spin_10154_F70HHH,/uploads/rods/spin_10154_F70HHH.png,https://potryasovgame.ru/page110667676.html
Advent S-F70HH,Спиннинговые,Advent,Спиннинг,XH,10,56,"2,1",7,9,Быстрый,,,,,50,26,4605,,spin_10154_F70HH,/uploads/rods/spin_10154_F70HH.png,https://potryasovgame.ru/page110667676.html
Advent S-F66L,Спиннинговые,Advent,Спиннинг,L,3,9,2,7,7,Быстрый,50%,,,,"23,1",26,4383,,spin_10154_F66L,/uploads/rods/spin_10154_F66L.png,https://potryasovgame.ru/page110667676.html
Advent S-F70H,Спиннинговые,Advent,Спиннинг,H,8,42,"2,1",7,8,Быстрый,,,,,45,26,4298,,spin_10154_F70H,/uploads/rods/spin_10154_F70H.png,https://potryasovgame.ru/page110667676.html
Palmera UL SPM68UL,Спиннинговые,Palmera,Спиннинг,UL,1,4,"2,1",3,3,Средний,100%,,,,"10,8",26,4113,,spin_10066_SPM68UL,/uploads/rods/spin_10066_SPM68UL.png,https://potryasovgame.ru/page110667676.html
Pulse SPF77MH,Спиннинговые,Pulse,Спиннинг,MH,7,21,"2,4",7,8,Быстрый,,Джиговые +1,,,"26,2",24,3986,,spin_10145_SPF77MH,/uploads/rods/spin_10145_SPF77MH.png,https://potryasovgame.ru/page110667676.html
Pulse SPF77H,Спиннинговые,Pulse,Спиннинг,H,7,28,"2,4",7,8,Быстрый,,Джиговые +1,,,28,24,3986,,spin_10145_SPF77H,/uploads/rods/spin_10145_SPF77H.png,https://potryasovgame.ru/page110667676.html
Pulse SPXF70M,Спиннинговые,Pulse,Спиннинг,M,7,"17,5","2,1",7,8,Сверх,,Джиговые +3,,,"26,1",24,3929,,spin_10145_SPXF70M,/uploads/rods/spin_10145_SPXF70M.png,https://potryasovgame.ru/page110667676.html
Pulse SPF66L,Спиннинговые,Pulse,Спиннинг,L,"2,5",9,2,8,7,Быстрый,50%,Джиговые +1,,,15,24,3815,,spin_10145_SPF66L,/uploads/rods/spin_10145_SPF66L.png,https://potryasovgame.ru/page110667676.html
Pulse SPF66ML,Спиннинговые,Pulse,Спиннинг,ML,4,14,2,7,7,Быстрый,25%,Джиговые +1,,,"25,4",24,3815,,spin_10145_SPF66ML,/uploads/rods/spin_10145_SPF66ML.png,https://potryasovgame.ru/page110667676.html
Pulse SPF60UL,Спиннинговые,Pulse,Спиннинг,UL,"1,5",5,"1,8",6,6,Быстрый,100%,Джиговые +1,,,9,24,3815,,spin_10145_SPF60UL,/uploads/rods/spin_10145_SPF60UL.png,https://potryasovgame.ru/page110667676.html
Evora SPM98H,Спиннинговые,Evora,Спиннинг,H,10,42,3,5,7,Средний,,,,10%,"39,4",24,3669,,spin_10064_SPM98H,/uploads/rods/spin_10064_SPM98H.png,https://potryasovgame.ru/page110667676.html
Advent S-F66ML,Спиннинговые,Advent,Спиннинг,ML,4,12,2,7,7,Быстрый,25%,,,,"31,3",26,3550,,spin_10154_F66ML,/uploads/rods/spin_10154_F66ML.png,https://potryasovgame.ru/page110667676.html
Evora SPSL88MH,Спиннинговые,Evora,Спиннинг,MH,8,40,"2,7",5,6,Медленный,,,,,"38,7",24,3464,,spin_10064_SPSL88MH,/uploads/rods/spin_10064_SPSL88MH.png,https://potryasovgame.ru/page110667676.html
Evora SPM78ML,Спиннинговые,Evora,Спиннинг,ML,5,20,"2,4",5,6,Средний,25%,,,10%,"32,9",24,3238,,spin_10064_SPM78ML,/uploads/rods/spin_10064_SPM78ML.png,https://potryasovgame.ru/page110667676.html
Versa SPF70UL,Спиннинговые,Versa,Спиннинг,UL,1,5,"2,1",5,5,Быстрый,100%,,,,"8,5",22,3135,,spin_10144_SPF70UL,/uploads/rods/spin_10144_SPF70UL.png,https://potryasovgame.ru/page110667676.html
Versa SPM70L,Спиннинговые,Versa,Спиннинг,L,"2,5",12,"2,1",5,5,Средний,50%,,,,21,22,3135,,spin_10144_SPM70L,/uploads/rods/spin_10144_SPM70L.png,https://potryasovgame.ru/page110667676.html
Versa SPF66ML,Спиннинговые,Versa,Спиннинг,ML,4,14,2,6,6,Быстрый,25%,,,,"28,1",22,3022,,spin_10144_SPF66ML,/uploads/rods/spin_10144_SPF66ML.png,https://potryasovgame.ru/page110667676.html
Versa SPF88H,Спиннинговые,Versa,Спиннинг,H,7,28,"2,7",6,7,Быстрый,,,,,"35,5",22,2799,,spin_10144_SPF88H,/uploads/rods/spin_10144_SPF88H.png,https://potryasovgame.ru/page110667676.html
Cardena SPM78ML,Спиннинговые,Cardena,Спиннинг,ML,3,14,"2,4",3,4,Средний,25%,,,,"26,1",20,2715,,spin_10063_SPM78ML,/uploads/rods/spin_10063_SPM78ML.png,https://potryasovgame.ru/page110667676.html
Ethnic SPXF98H,Спиннинговые,Ethnic,Спиннинг,H,12,36,3,4,7,Сверх,,,,,"36,1",16,2699,,spin_10105_SPXF98H,/uploads/rods/spin_10105_SPXF98H.png,https://potryasovgame.ru/page110667676.html
Versa SPF77XH,Спиннинговые,Versa,Спиннинг,XH,12,42,"2,4",6,8,Быстрый,,,,,35,22,2650,,spin_10144_SPF77XH,/uploads/rods/spin_10144_SPF77XH.png,https://potryasovgame.ru/page110667676.html
Cardena SPM68UL,Спиннинговые,Cardena,Спиннинг,UL,1,5,"2,1",3,4,Средний,100%,,,,8,20,2626,,spin_10063_SPM68UL,/uploads/rods/spin_10063_SPM68UL.png,https://potryasovgame.ru/page110667676.html
Cardena SPM68L,Спиннинговые,Cardena,Спиннинг,L,2,10,"2,1",3,4,Средний,50%,,,,20,20,2614,,spin_10063_SPM68L,/uploads/rods/spin_10063_SPM68L.png,https://potryasovgame.ru/page110667676.html
Versa SPF88MH,Спиннинговые,Versa,Спиннинг,MH,7,21,"2,7",6,7,Быстрый,,,,,"33,1",22,2500,,spin_10144_SPF88MH,/uploads/rods/spin_10144_SPF88MH.png,https://potryasovgame.ru/page110667676.html
Ethnic SPXF78H,Спиннинговые,Ethnic,Спиннинг,H,12,36,"2,4",4,7,Сверх,,,,,"36,1",16,2500,,spin_10105_SPXF78H,/uploads/rods/spin_10105_SPXF78H.png,https://potryasovgame.ru/page110667676.html
Advent S-F70MH,Спиннинговые,Advent,Спиннинг,MH,5,28,"2,1",7,7,Быстрый,,,,,32,26,2498,,spin_10154_F70MH,/uploads/rods/spin_10154_F70MH.png,https://potryasovgame.ru/page110667676.html
Versa SPF77M,Спиннинговые,Versa,Спиннинг,M,7,19,"2,4",6,7,Быстрый,,,,,"33,1",22,2400,,spin_10144_SPF77M,/uploads/rods/spin_10144_SPF77M.png,https://potryasovgame.ru/page110667676.html
Integra SPF70ML,Спиннинговые,Integra,Спиннинг,ML,"3,5",12,"2,1",3,5,Быстрый,25%,,,,26,20,2361,,spin_10143_SPF70ML,/uploads/rods/spin_10143_SPF70ML.png,https://potryasovgame.ru/page110667676.html
Versa SPF66M,Спиннинговые,Versa,Спиннинг,M,7,19,2,6,7,Быстрый,,,,,"33,1",22,2300,,spin_10144_SPF66M,/uploads/rods/spin_10144_SPF66M.png,https://potryasovgame.ru/page110667676.html
Model One S98H,Спиннинговые,Model,Спиннинг,H,15,50,3,2,6,Быстрый,,,,,"35,4",16,2248,,spin_10036_S98H,/uploads/rods/spin_10036_S98H.png,https://potryasovgame.ru/page110667676.html
Cardena SPF60L,Спиннинговые,Cardena,Спиннинг,L,2,7,"1,8",3,5,Быстрый,50%,,,,16,20,2114,,spin_10063_SPF60L,/uploads/rods/spin_10063_SPF60L.png,https://potryasovgame.ru/page110667676.html
Ethnic SPM78L,Спиннинговые,Ethnic,Спиннинг,L,2,10,"2,4",3,4,Средний,50%,,,,17,16,1974,,spin_10105_SPM78L,/uploads/rods/spin_10105_SPM78L.png,https://potryasovgame.ru/page110667676.html
Integra SPF77M,Спиннинговые,Integra,Спиннинг,M,5,"17,5","2,4",3,5,Быстрый,,,,,"32,2",20,1910,,spin_10143_SPF77M,/uploads/rods/spin_10143_SPF77M.png,https://potryasovgame.ru/page110667676.html
Ethnic SPM68UL,Спиннинговые,Ethnic,Спиннинг,UL,1,5,"2,1",3,3,Средний,100%,,,,7,16,1899,,spin_10105_SPM68UL,/uploads/rods/spin_10105_SPM68UL.png,https://potryasovgame.ru/page110667676.html
Integra SPF70MH,Спиннинговые,Integra,Спиннинг,MH,7,21,"2,1",3,5,Быстрый,,,,,"33,3",20,1850,,spin_10143_SPF70MH,/uploads/rods/spin_10143_SPF70MH.png,https://potryasovgame.ru/page110667676.html
Integra SPF70M,Спиннинговые,Integra,Спиннинг,M,5,"17,5","2,1",3,5,Быстрый,,,,,"32,2",20,1811,,spin_10143_SPF70M,/uploads/rods/spin_10143_SPF70M.png,https://potryasovgame.ru/page110667676.html
Ventura SPF70H,Спиннинговые,Ventura,Спиннинг,H,7,28,"2,1",3,5,Быстрый,,,,,"34,1",18,1810,,spin_10142_SPF70H,/uploads/rods/spin_10142_SPF70H.png,https://potryasovgame.ru/page110667676.html
Integra SPF66MH,Спиннинговые,Integra,Спиннинг,MH,7,21,2,3,5,Быстрый,,,,,"33,3",20,1799,,spin_10143_SPF66MH,/uploads/rods/spin_10143_SPF66MH.png,https://potryasovgame.ru/page110667676.html
Ventura SPF70MH,Спиннинговые,Ventura,Спиннинг,MH,7,21,"2,1",3,5,Быстрый,,,,,31,18,1766,,spin_10142_SPF70MH,/uploads/rods/spin_10142_SPF70MH.png,https://potryasovgame.ru/page110667676.html
Integra SPF66M,Спиннинговые,Integra,Спиннинг,M,6,16,2,3,5,Быстрый,,,,,"31,1",20,1720,,spin_10143_SPF66M,/uploads/rods/spin_10143_SPF66M.png,https://potryasovgame.ru/page110667676.html
Ventura SPXF66MH,Спиннинговые,Ventura,Спиннинг,MH,"10,5",28,2,3,6,Сверх,,,,,30,18,1699,,spin_10142_SPXF66MH,/uploads/rods/spin_10142_SPXF66MH.png,https://potryasovgame.ru/page110667676.html
Super Duty S88XH,Спиннинговые,Super,Спиннинг,XH,25,100,"2,7",4,8,Быстрый,,,,,"30,5",12,1649,,spin_10042_S88XH,/uploads/rods/spin_10042_S88XH.png,https://potryasovgame.ru/page110667676.html
Ventura SPF66ML,Спиннинговые,Ventura,Спиннинг,ML,"3,5",14,2,3,5,Быстрый,25%,,,,22,18,1590,,spin_10142_SPF66ML,/uploads/rods/spin_10142_SPF66ML.png,https://potryasovgame.ru/page110667676.html
Ventura SPXF70M,Спиннинговые,Ventura,Спиннинг,M,7,"17,5","2,1",3,6,Сверх,,,,,26,18,1590,,spin_10142_SPXF70M,/uploads/rods/spin_10142_SPXF70M.png,https://potryasovgame.ru/page110667676.html
Рязанка СКС,Спиннинговые,Рязанка,Спиннинг,L,2,10,"2,5",3,4,Средний,50%,,,,16,15,1590,,spin_10172,/uploads/rods/spin_10172.png,https://potryasovgame.ru/page110667676.html
Aeros SP60UL,Спиннинговые,Aeros,Спиннинг,UL,1,4,"1,8",5,5,Быстрый,100%,,,,"6,5",18,1560,,spin_10062_SP60UL,/uploads/rods/spin_10062_SP60UL.png,https://potryasovgame.ru/page110667676.html
Ethnic SPM88MH,Спиннинговые,Ethnic,Спиннинг,MH,7,28,"2,7",3,5,Средний,,,,,27,16,1550,,spin_10105_SPM88MH,/uploads/rods/spin_10105_SPM88MH.png,https://potryasovgame.ru/page110667676.html
Aeros SP60ML,Спиннинговые,Aeros,Спиннинг,ML,4,16,"1,8",5,5,Быстрый,25%,,,,"23,2",18,1505,,spin_10062_SP60ML,/uploads/rods/spin_10062_SP60ML.png,https://potryasovgame.ru/page110667676.html
Ethnic SPF88MH,Спиннинговые,Ethnic,Спиннинг,MH,7,21,"2,7",5,7,Быстрый,,,,,26,16,1491,,spin_10105_SPF88MH,/uploads/rods/spin_10105_SPF88MH.png,https://potryasovgame.ru/page110667676.html
Ethnic SPF78MH,Спиннинговые,Ethnic,Спиннинг,MH,7,21,"2,4",5,7,Быстрый,,,,,26,16,1430,,spin_10105_SPF78MH,/uploads/rods/spin_10105_SPF78MH.png,https://potryasovgame.ru/page110667676.html
Ethnic SPF66MH,Спиннинговые,Ethnic,Спиннинг,MH,7,21,2,5,7,Быстрый,,,,,26,16,1406,,spin_10105_SPF66MH,/uploads/rods/spin_10105_SPF66MH.png,https://potryasovgame.ru/page110667676.html
Aeros SP68MH,Спиннинговые,Aeros,Спиннинг,MH,7,28,"2,1",4,6,Быстрый,,,,,"27,6",18,1340,,spin_10062_SP68MH,/uploads/rods/spin_10062_SP68MH.png,https://potryasovgame.ru/page110667676.html
Model One S88MH,Спиннинговые,Model,Спиннинг,MH,10,35,"2,7",2,6,Быстрый,,,,,"25,5",16,1277,,spin_10036_S88MH,/uploads/rods/spin_10036_S88MH.png,https://potryasovgame.ru/page110667676.html
Model One S78L,Спиннинговые,Model,Спиннинг,L,2,10,"2,4",3,5,Быстрый,50%,,,,"15,7",16,1255,,spin_10036_S78L,/uploads/rods/spin_10036_S78L.png,https://potryasovgame.ru/page110667676.html
Model One S78ML,Спиннинговые,Model,Спиннинг,ML,6,24,"2,4",3,5,Быстрый,25%,,,,"21,8",16,1253,,spin_10036_S78ML,/uploads/rods/spin_10036_S78ML.png,https://potryasovgame.ru/page110667676.html
Model One S78M,Спиннинговые,Model,Спиннинг,M,5,30,"2,4",2,4,Средний,,,,,23,16,1233,,spin_10036_S78M,/uploads/rods/spin_10036_S78M.png,https://potryasovgame.ru/page110667676.html
Super Duty S88H,Спиннинговые,Super,Спиннинг,H,14,70,"2,7",4,7,Средний,,,,,"24,3",12,1099,,spin_10042_S88H,/uploads/rods/spin_10042_S88H.png,https://potryasovgame.ru/page110667676.html
Super Duty S78MH,Спиннинговые,Super,Спиннинг,MH,15,45,"2,4",4,8,Сверх,,,,,24,12,1048,,spin_10042_S78MH,/uploads/rods/spin_10042_S78MH.png,https://potryasovgame.ru/page110667676.html
Super Duty S78H,Спиннинговые,Super,Спиннинг,H,14,70,"2,4",4,7,Средний,,,,,"24,3",12,998,,spin_10042_S78H,/uploads/rods/spin_10042_S78H.png,https://potryasovgame.ru/page110667676.html
Mechta SXF88H,Спиннинговые,Mechta,Спиннинг,H,15,50,"2,7",5,8,Сверх,,,,,21,14,960,,spin_10121_SXF88H,/uploads/rods/spin_10121_SXF88H.png,https://potryasovgame.ru/page110667676.html
Mechta SM88MH,Спиннинговые,Mechta,Спиннинг,MH,7,35,"2,7",5,6,Средний,,,,,17,14,960,,spin_10121_SM88MH,/uploads/rods/spin_10121_SM88MH.png,https://potryasovgame.ru/page110667676.html
Linear S88XH,Спиннинговые,Linear,Спиннинг,XH,40,80,"2,7",5,10,Сверх,,,,,"20,1",10,941,,spin_10032_S88XH,/uploads/rods/spin_10032_S88XH.png,https://potryasovgame.ru/page110667676.html
Mechta SF78MH,Спиннинговые,Mechta,Спиннинг,MH,7,30,"2,4",5,7,Быстрый,,,,,20,14,940,,spin_10121_SF78MH,/uploads/rods/spin_10121_SF78MH.png,https://potryasovgame.ru/page110667676.html
Mechta SXF78XH,Спиннинговые,Mechta,Спиннинг,XH,25,90,"2,4",5,9,Сверх,,,,,23,14,940,,spin_10121_SXF78XH,/uploads/rods/spin_10121_SXF78XH.png,https://potryasovgame.ru/page110667676.html
Mechta SXF70MH,Спиннинговые,Mechta,Спиннинг,MH,10,35,"2,1",5,7,Сверх,,,,,19,14,930,,spin_10121_SXF70MH,/uploads/rods/spin_10121_SXF70MH.png,https://potryasovgame.ru/page110667676.html
Mechta SM70L,Спиннинговые,Mechta,Спиннинг,L,2,10,"2,1",4,4,Средний,50%,,,,13,14,930,,spin_10121_SM70L,/uploads/rods/spin_10121_SM70L.png,https://potryasovgame.ru/page110667676.html
Mechta SM70UL,Спиннинговые,Mechta,Спиннинг,UL,1,7,"2,1",4,4,Средний,100%,,,,"5,1",14,930,,spin_10121_SM70UL,/uploads/rods/spin_10121_SM70UL.png,https://potryasovgame.ru/page110667676.html
Mechta SF68ML,Спиннинговые,Mechta,Спиннинг,ML,4,17,2,5,6,Быстрый,25%,,,,17,14,920,,spin_10121_SF68ML,/uploads/rods/spin_10121_SF68ML.png,https://potryasovgame.ru/page110667676.html
Mechta SF60MH,Спиннинговые,Mechta,Спиннинг,MH,7,30,"1,8",5,7,Быстрый,,,,,20,14,920,,spin_10121_SF60MH,/uploads/rods/spin_10121_SF60MH.png,https://potryasovgame.ru/page110667676.html
Inspiration S78L,Спиннинговые,Inspiration,Спиннинг,L,3,12,"2,4",5,5,Быстрый,50%,,,,"12,1",14,814,,spin_10041_S78L,/uploads/rods/spin_10041_S78L.png,https://potryasovgame.ru/page110667676.html
Inspiration S78ML,Спиннинговые,Inspiration,Спиннинг,ML,4,20,"2,4",5,6,Средний,25%,,,,14,14,814,,spin_10041_S78ML,/uploads/rods/spin_10041_S78ML.png,https://potryasovgame.ru/page110667676.html
Inspiration S68L,Спиннинговые,Inspiration,Спиннинг,L,3,12,"2,1",5,5,Быстрый,50%,,,,"12,1",14,808,,spin_10041_S68L,/uploads/rods/spin_10041_S68L.png,https://potryasovgame.ru/page110667676.html
Inspiration S68UL,Спиннинговые,Inspiration,Спиннинг,UL,1,4,"2,1",5,5,Быстрый,100%,,,,"4,5",14,808,,spin_10041_S68UL,/uploads/rods/spin_10041_S68UL.png,https://potryasovgame.ru/page110667676.html
Inspiration S60UL,Спиннинговые,Inspiration,Спиннинг,UL,1,4,"1,8",5,5,Быстрый,100%,,,,"4,5",14,799,,spin_10041_S60UL,/uploads/rods/spin_10041_S60UL.png,https://potryasovgame.ru/page110667676.html
Karelia SPF78M,Спиннинговые,Karelia,Спиннинг,M,5,20,"2,4",3,5,Быстрый,,,,,16,12,749,,spin_10104_SPF78M,/uploads/rods/spin_10104_SPF78M.png,https://potryasovgame.ru/page110667676.html
Karelia SPM68ML,Спиннинговые,Karelia,Спиннинг,ML,4,16,"2,1",3,5,Средний,25%,,,,12,12,746,,spin_10104_SPM68ML,/uploads/rods/spin_10104_SPM68ML.png,https://potryasovgame.ru/page110667676.html
Karelia SPM66L,Спиннинговые,Karelia,Спиннинг,L,2,10,2,4,5,Средний,50%,,,,"10,2",12,740,,spin_10104_SPM66L,/uploads/rods/spin_10104_SPM66L.png,https://potryasovgame.ru/page110667676.html
Lait SSL78ML,Спиннинговые,Lait,Спиннинг,ML,3,15,"2,4",2,4,Медленный,25%,,,,"11,5",9,559,,spin_10120_SSL78ML,/uploads/rods/spin_10120_SSL78ML.png,https://potryasovgame.ru/page110667676.html
Linear S98H,Спиннинговые,Linear,Спиннинг,H,12,45,3,4,7,Быстрый,,,,,"15,3",10,544,,spin_10032_S98H,/uploads/rods/spin_10032_S98H.png,https://potryasovgame.ru/page110667676.html
Lait SSL70L,Спиннинговые,Lait,Спиннинг,L,2,12,"2,1",2,4,Медленный,50%,,,,"7,5",9,539,,spin_10120_SSL70L,/uploads/rods/spin_10120_SSL70L.png,https://potryasovgame.ru/page110667676.html
Lait SSL60UL,Спиннинговые,Lait,Спиннинг,UL,1,7,"1,8",2,4,Медленный,100%,,,,4,9,519,,spin_10120_SSL60UL,/uploads/rods/spin_10120_SSL60UL.png,https://potryasovgame.ru/page110667676.html
Linear S88H,Спиннинговые,Linear,Спиннинг,H,12,45,"2,7",4,7,Быстрый,,,,,"15,3",10,508,,spin_10032_S88H,/uploads/rods/spin_10032_S88H.png,https://potryasovgame.ru/page110667676.html
Linear S78H,Спиннинговые,Linear,Спиннинг,H,12,45,"2,4",4,7,Быстрый,,,,,"15,3",10,504,,spin_10032_S78H,/uploads/rods/spin_10032_S78H.png,https://potryasovgame.ru/page110667676.html
Linear S78MH,Спиннинговые,Linear,Спиннинг,MH,10,30,"2,4",6,8,Быстрый,,,,,"13,5",10,498,,spin_10032_S78MH,/uploads/rods/spin_10032_S78MH.png,https://potryasovgame.ru/page110667676.html
Belmor SPXF88XH,Спиннинговые,Belmor,Спиннинг,XH,20,60,"2,7",4,9,Сверх,,,,,16,10,498,,spin_10103_SPXF88XH,/uploads/rods/spin_10103_SPXF88XH.png,https://potryasovgame.ru/page110667676.html
Fortuna S68MH,Спиннинговые,Fortuna,Спиннинг,MH,7,28,"2,1",4,6,Быстрый,,Джиггинг +1,,,"14,5",13,459,,spin_10034_S68MH,/uploads/rods/spin_10034_S68MH.png,https://potryasovgame.ru/page110667676.html
Belmor SPF88H,Спиннинговые,Belmor,Спиннинг,H,12,48,"2,7",4,8,Быстрый,,,,,14,10,449,,spin_10103_SPF88H,/uploads/rods/spin_10103_SPF88H.png,https://potryasovgame.ru/page110667676.html
Heavy S80XH,Спиннинговые,Heavy,Спиннинг,XH,40,120,"2,4",0,9,Быстрый,,,,,"15,4",7,448,,spin_10004_S80XH,/uploads/rods/spin_10004_S80XH.png,https://potryasovgame.ru/page110667676.html
Linear S68ML,Спиннинговые,Linear,Спиннинг,ML,3,15,"2,1",5,6,Средний,25%,,,,11,10,445,,spin_10032_S68ML,/uploads/rods/spin_10032_S68ML.png,https://potryasovgame.ru/page110667676.html
Linear S60L,Спиннинговые,Linear,Спиннинг,L,2,10,"1,8",6,6,Средний,50%,,,,7,10,439,,spin_10032_S60L,/uploads/rods/spin_10032_S60L.png,https://potryasovgame.ru/page110667676.html
Fortuna S66MH,Спиннинговые,Fortuna,Спиннинг,MH,7,21,2,6,8,Сверх,,Джиггинг +1,,,"13,5",13,419,,spin_10034_S66MH,/uploads/rods/spin_10034_S66MH.png,https://potryasovgame.ru/page110667676.html
Fortuna S60H,Спиннинговые,Fortuna,Спиннинг,H,12,28,"1,8",6,8,Сверх,,Джиггинг +1,,,14,13,419,,spin_10034_S60H,/uploads/rods/spin_10034_S60H.png,https://potryasovgame.ru/page110667676.html
Belmor SPF78MH,Спиннинговые,Belmor,Спиннинг,MH,7,28,"2,4",4,7,Быстрый,,,,,13,10,419,,spin_10103_SPF78MH,/uploads/rods/spin_10103_SPF78MH.png,https://potryasovgame.ru/page110667676.html
Belmor SPF78M,Спиннинговые,Belmor,Спиннинг,M,5,20,"2,4",4,7,Быстрый,,,,,12,10,398,,spin_10103_SPF78M,/uploads/rods/spin_10103_SPF78M.png,https://potryasovgame.ru/page110667676.html
Comfort SF98XH,Спиннинговые,Comfort,Спиннинг,XH,40,100,3,2,10,Быстрый,,,,,13,6,397,,spin_10119_SF98XH,/uploads/rods/spin_10119_SF98XH.png,https://potryasovgame.ru/page110667676.html
Fortuna S60MH,Спиннинговые,Fortuna,Спиннинг,MH,7,21,"1,8",6,8,Сверх,,Джиггинг +1,,,"13,5",13,389,,spin_10034_S60MH,/uploads/rods/spin_10034_S60MH.png,https://potryasovgame.ru/page110667676.html
Heavy S70XH,Спиннинговые,Heavy,Спиннинг,XH,25,80,"2,1",0,10,Сверх,,,,,"13,1",7,388,,spin_10004_S70XH,/uploads/rods/spin_10004_S70XH.png,https://potryasovgame.ru/page110667676.html
Comfort SF88XH,Спиннинговые,Comfort,Спиннинг,XH,40,100,"2,7",2,10,Быстрый,,,,,13,6,387,,spin_10119_SF88XH,/uploads/rods/spin_10119_SF88XH.png,https://potryasovgame.ru/page110667676.html
Comfort SF70XH,Спиннинговые,Comfort,Спиннинг,XH,40,100,"2,1",2,10,Быстрый,,,,,13,6,370,,spin_10119_SF70XH,/uploads/rods/spin_10119_SF70XH.png,https://potryasovgame.ru/page110667676.html
Premium Stick S90MH,Спиннинговые,Premium,Спиннинг,MH,7,21,"2,7",4,7,Сверх,,,,,12,10,348,,spin_10005_S90MH,/uploads/rods/spin_10005_S90MH.png,https://potryasovgame.ru/page110667676.html
Premium Stick S80H,Спиннинговые,Premium,Спиннинг,H,7,28,"2,4",4,7,Быстрый,,,,,"12,1",10,322,,spin_10005_S80H,/uploads/rods/spin_10005_S80H.png,https://potryasovgame.ru/page110667676.html
Premium Stick S70H,Спиннинговые,Premium,Спиннинг,H,7,28,"2,1",4,7,Быстрый,,,,,"12,1",10,315,,spin_10005_S70H,/uploads/rods/spin_10005_S70H.png,https://potryasovgame.ru/page110667676.html
Premium Stick S70MH,Спиннинговые,Premium,Спиннинг,MH,7,21,"2,1",4,7,Сверх,,,,,12,10,315,,spin_10005_S70MH,/uploads/rods/spin_10005_S70MH.png,https://potryasovgame.ru/page110667676.html
Premium Stick S66MH,Спиннинговые,Premium,Спиннинг,MH,7,21,2,4,7,Сверх,,,,,12,10,309,,spin_10005_S66MH,/uploads/rods/spin_10005_S66MH.png,https://potryasovgame.ru/page110667676.html
Premium Stick S60M,Спиннинговые,Premium,Спиннинг,M,5,15,"1,8",4,7,Быстрый,,,,,"11,7",10,299,,spin_10005_S60M,/uploads/rods/spin_10005_S60M.png,https://potryasovgame.ru/page110667676.html
Premium Stick S60H,Спиннинговые,Premium,Спиннинг,H,7,28,"1,8",4,7,Быстрый,,,,,"12,1",10,299,,spin_10005_S60H,/uploads/rods/spin_10005_S60H.png,https://potryasovgame.ru/page110667676.html
Premium Stick S60MH,Спиннинговые,Premium,Спиннинг,MH,7,21,"1,8",4,7,Сверх,,,,,12,10,299,,spin_10005_S60MH,/uploads/rods/spin_10005_S60MH.png,https://potryasovgame.ru/page110667676.html
Comfort SXF98H,Спиннинговые,Comfort,Спиннинг,H,20,50,3,2,10,Сверх,,,,,11,6,227,,spin_10119_SXF98H,/uploads/rods/spin_10119_SXF98H.png,https://potryasovgame.ru/page110667676.html
Comfort SF88MH,Спиннинговые,Comfort,Спиннинг,MH,10,30,"2,7",4,8,Быстрый,,,,,10,6,217,,spin_10119_SF88MH,/uploads/rods/spin_10119_SF88MH.png,https://potryasovgame.ru/page110667676.html
Comfort SXF88H,Спиннинговые,Comfort,Спиннинг,H,20,50,"2,7",2,10,Сверх,,,,,11,6,217,,spin_10119_SXF88H,/uploads/rods/spin_10119_SXF88H.png,https://potryasovgame.ru/page110667676.html
Heavy S70H,Спиннинговые,Heavy,Спиннинг,H,18,40,"2,1",2,8,Сверх,,,,,11,7,210,,spin_10004_S70H,/uploads/rods/spin_10004_S70H.png,https://potryasovgame.ru/page110667676.html
Comfort SF78M,Спиннинговые,Comfort,Спиннинг,M,5,25,"2,4",4,7,Быстрый,,,,,9,6,204,,spin_10119_SF78M,/uploads/rods/spin_10119_SF78M.png,https://potryasovgame.ru/page110667676.html
Comfort SXF78H,Спиннинговые,Comfort,Спиннинг,H,20,50,"2,4",2,10,Сверх,,,,,11,6,204,,spin_10119_SXF78H,/uploads/rods/spin_10119_SXF78H.png,https://potryasovgame.ru/page110667676.html
Comfort SF70MH,Спиннинговые,Comfort,Спиннинг,MH,10,30,"2,1",4,8,Быстрый,,,,,10,6,196,,spin_10119_SF70MH,/uploads/rods/spin_10119_SF70MH.png,https://potryasovgame.ru/page110667676.html
Comfort SXF68H,Спиннинговые,Comfort,Спиннинг,H,20,50,2,2,10,Сверх,,,,,11,6,190,,spin_10119_SXF68H,/uploads/rods/spin_10119_SXF68H.png,https://potryasovgame.ru/page110667676.html
Comfort SF60MH,Спиннинговые,Comfort,Спиннинг,MH,10,30,"1,8",4,8,Быстрый,,,,,10,6,182,,spin_10119_SF60MH,/uploads/rods/spin_10119_SF60MH.png,https://potryasovgame.ru/page110667676.html
Arrow S70M,Спиннинговые,Arrow,Спиннинг,M,4,16,"2,1",4,7,Средний,,,,,7,5,174,,spin_10003_S70M,/uploads/rods/spin_10003_S70M.png,https://potryasovgame.ru/page110667676.html
Arrow S60UL,Спиннинговые,Arrow,Спиннинг,UL,1,7,"1,8",4,5,Быстрый,100%,,,,3,5,170,,spin_10003_S60UL,/uploads/rods/spin_10003_S60UL.png,https://potryasovgame.ru/page110667676.html
Arrow S66M,Спиннинговые,Arrow,Спиннинг,M,6,20,2,3,6,Быстрый,,,,,7,5,169,,spin_10003_S66M,/uploads/rods/spin_10003_S66M.png,https://potryasovgame.ru/page110667676.html
Arrow S60L,Спиннинговые,Arrow,Спиннинг,L,3,"10,5","1,8",3,6,Средний,50%,,,,5,5,162,,spin_10003_S60L,/uploads/rods/spin_10003_S60L.png,https://potryasovgame.ru/page110667676.html
Dynamic S70MH,Спиннинговые,Dynamic,Спиннинг,MH,10,30,"2,1",3,7,Быстрый,,,,,"5,9",3,103,,spin_10002_S70MH,/uploads/rods/spin_10002_S70MH.png,https://potryasovgame.ru/page110667676.html
Dynamic S66H,Спиннинговые,Dynamic,Спиннинг,H,15,45,2,2,8,Сверх,,,,,"6,5",3,91,,spin_10002_S66H,/uploads/rods/spin_10002_S66H.png,https://potryasovgame.ru/page110667676.html
Dynamic S60MH,Спиннинговые,Dynamic,Спиннинг,MH,10,30,"1,8",3,7,Быстрый,,,,,"5,9",3,86,,spin_10002_S60MH,/uploads/rods/spin_10002_S60MH.png,https://potryasovgame.ru/page110667676.html
Corona S70H,Спиннинговые,Corona,Спиннинг,H,15,60,"2,1",3,9,Быстрый,,,,,"5,4",1,"35,5",,spin_10001_S70H,/uploads/rods/spin_10001_S70H.png,https://potryasovgame.ru/page110667676.html
Corona S66H,Спиннинговые,Corona,Спиннинг,H,15,60,2,3,9,Быстрый,,,,,"5,4",1,34,,spin_10001_S66H,/uploads/rods/spin_10001_S66H.png,https://potryasovgame.ru/page110667676.html
Corona S66MH,Спиннинговые,Corona,Спиннинг,MH,10,30,2,3,7,Сверх,,,,,"4,2",1,"23,5",,spin_10001_S66MH,/uploads/rods/spin_10001_S66MH.png,https://potryasovgame.ru/page110667676.html
Corona S60MH,Спиннинговые,Corona,Спиннинг,MH,10,30,"1,8",3,7,Сверх,,,,,"4,2",1,"19,5",,spin_10001_S60MH,/uploads/rods/spin_10001_S60MH.png,https://potryasovgame.ru/page110667676.html
Corona S60L,Спиннинговые,Corona,Спиннинг,L,2,10,"1,8",2,3,Средний,50%,,,,"3,9",1,"18,5",,spin_10001_S60L,/uploads/rods/spin_10001_S60L.png,https://potryasovgame.ru/page110667676.html
Ultima CST-M100HH,Спиннинговые,Ultima,Кастинг,XH,15,70,3,8,10,Средний,,Искуств. +2-3,10%,,142,32,24861,,cast_10163_M100HH,/uploads/rods/cast_10163_M100HH.png,https://potryasovgame.ru/page110667676.html
Ultima CST-M88HH,Спиннинговые,Ultima,Кастинг,XH,12,50,"2,7",8,9,Средний,,Искуств. +2-3,10%,,136,32,22958,,cast_10163_M88HH,/uploads/rods/cast_10163_M88HH.png,https://potryasovgame.ru/page110667676.html
Ultima CST-M87H,Спиннинговые,Ultima,Кастинг,H,7,30,"2,6",9,9,Средний,,Искуств. +2-3,10%,,125,32,21802,,cast_10163_M87H,/uploads/rods/cast_10163_M87H.png,https://potryasovgame.ru/page110667676.html
Ultima CST-M77M,Спиннинговые,Ultima,Кастинг,M,5,25,"2,4",9,8,Средний,,Искуств. +2-3,10%,,106,32,19197,,cast_10163_M77M,/uploads/rods/cast_10163_M77M.png,https://potryasovgame.ru/page110667676.html
Ultima CST-M61L,Спиннинговые,Ultima,Кастинг,L,2,8,"1,8",9,7,Средний,50%,Искуств. +2-3,10%,,36,32,18973,,cast_10163_M61L,/uploads/rods/cast_10163_M61L.png,https://potryasovgame.ru/page110667676.html
Ultima CST-M75ML,Спиннинговые,Ultima,Кастинг,ML,3,18,"2,25",9,8,Средний,25%,Искуств. +2-3,10%,,62,32,18808,,cast_10163_M75ML,/uploads/rods/cast_10163_M75ML.png,https://potryasovgame.ru/page110667676.html
Ultima CST-M68ML,Спиннинговые,Ultima,Кастинг,ML,3,12,2,9,8,Средний,25%,Искуств. +2-3,10%,,60,32,17773,,cast_10163_M68ML,/uploads/rods/cast_10163_M68ML.png,https://potryasovgame.ru/page110667676.html
Ultima CST-M60UL,Спиннинговые,Ultima,Кастинг,UL,1,5,"1,8",10,7,Средний,100%,Искуств. +2-3,10%,,14,32,17773,,cast_10163_M60UL,/uploads/rods/cast_10163_M60UL.png,https://potryasovgame.ru/page110667676.html
Trout Master CST-M88MH,Спиннинговые,Trout,Кастинг,MH,7,35,"2,7",7,8,Средний,,Воблер +2,,10%,100,30,16220,,cast_10162_M88MH,/uploads/rods/cast_10162_M88MH.png,https://potryasovgame.ru/page110667676.html
Trout Master CST-M82M,Спиннинговые,Trout,Кастинг,M,5,20,"2,5",7,7,Средний,,Воблер +2,,10%,80,30,14442,,cast_10162_M82M,/uploads/rods/cast_10162_M82M.png,https://potryasovgame.ru/page110667676.html
Trout Master CST-M71ML,Спиннинговые,Trout,Кастинг,ML,3,18,"2,15",8,7,Средний,25%,Воблер +2,,10%,50,30,13937,,cast_10162_M71ML,/uploads/rods/cast_10162_M71ML.png,https://potryasovgame.ru/page110667676.html
Trout Master CST-M68L,Спиннинговые,Trout,Кастинг,L,2,10,2,8,7,Средний,50%,Воблер +2,,10%,25,30,13310,,cast_10162_M68L,/uploads/rods/cast_10162_M68L.png,https://potryasovgame.ru/page110667676.html
Aquilon CST-M70UL,Спиннинговые,Aquilon,Кастинг,UL,"0,5",5,"2,1",6,8,Средний,100%,Воблер +2,,10%,13,30,12805,,cast_10161_M70UL,/uploads/rods/cast_10161_M70UL.png,https://potryasovgame.ru/page110667676.html
Trout Master CST-M60L,Спиннинговые,Trout,Кастинг,L,1,8,"1,8",8,6,Средний,50%,Воблер +2,,10%,21,30,12560,,cast_10162_M60L,/uploads/rods/cast_10162_M60L.png,https://potryasovgame.ru/page110667676.html
Aquilon CST-M71L,Спиннинговые,Aquilon,Кастинг,L,1,7,"2,1",8,6,Средний,50%,Воблер +2,,10%,20,30,11563,,cast_10161_M71L,/uploads/rods/cast_10161_M71L.png,https://potryasovgame.ru/page110667676.html
Aquilon CST-M68ULL,Спиннинговые,Aquilon,Кастинг,UL,"0,5",4,2,6,8,Средний,100%,Воблер +2,,10%,12,30,11563,,cast_10161_M68ULL,/uploads/rods/cast_10161_M68ULL.png,https://potryasovgame.ru/page110667676.html
Vexillar CST-F66L,Спиннинговые,Vexillar,Кастинг,L,"1,75","8,75",2,9,7,Быстрый,50%,Джиговые +3,,,"17,1",28,9118,,cast_10160_F66L,/uploads/rods/cast_10160_F66L.png,https://potryasovgame.ru/page110667676.html
Vexillar CST-F66MH,Спиннинговые,Vexillar,Кастинг,MH,7,28,2,8,9,Быстрый,,Джиговые +3,,,40,28,9118,,cast_10160_F66MH,/uploads/rods/cast_10160_F66MH.png,https://potryasovgame.ru/page110667676.html
Vexillar CST-F70H,Спиннинговые,Vexillar,Кастинг,H,12,42,"2,1",8,9,Быстрый,,Джиговые +3,,,42,28,9118,,cast_10160_F70H,/uploads/rods/cast_10160_F70H.png,https://potryasovgame.ru/page110667676.html
Vexillar CST-F70UL,Спиннинговые,Vexillar,Кастинг,UL,1,4,"2,1",9,7,Быстрый,100%,Джиговые +3,,,10,28,9118,,cast_10160_F70UL,/uploads/rods/cast_10160_F70UL.png,https://potryasovgame.ru/page110667676.html
Barracuda CST CSSL88MH,Спиннинговые,Barracuda,Кастинг,MH,7,45,"2,7",1,2,Медленный,,,,,"96,6",26,8299,,cast_10057_CSSL88MH,/uploads/rods/cast_10057_CSSL88MH.png,https://potryasovgame.ru/page110667676.html
Barracuda CST CSM88H,Спиннинговые,Barracuda,Кастинг,H,15,80,"2,7",1,3,Средний,,,,,95,26,7998,,cast_10057_CSM88H,/uploads/rods/cast_10057_CSM88H.png,https://potryasovgame.ru/page110667676.html
Black Edition CST CSF78MH,Спиннинговые,Black,Кастинг,MH,7,21,"1,8",3,7,Быстрый,,,7%,,45,28,7789,,cast_10059_CSF78MH,/uploads/rods/cast_10059_CSF78MH.png,https://potryasovgame.ru/page110667676.html
Black Edition CST CSF68XH,Спиннинговые,Black,Кастинг,XH,14,42,"2,1",3,8,Быстрый,,Воблер +2,,,"51,3",28,7598,,cast_10059_CSF68XH,/uploads/rods/cast_10059_CSF68XH.png,https://potryasovgame.ru/page110667676.html
Rocket CM88XH,Спиннинговые,Rocket,Кастинг,XH,"17,5",80,"2,7",1,4,Средний,,,,10%,"89,9",26,7299,,cast_10150_CM88XH,/uploads/rods/cast_10150_CM88XH.png,https://potryasovgame.ru/page110667676.html
Black Edition CST CSF68M,Спиннинговые,Black,Кастинг,M,5,15,"2,1",3,6,Быстрый,,,7%,,"42,7",28,7276,,cast_10059_CSF68M,/uploads/rods/cast_10059_CSF68M.png,https://potryasovgame.ru/page110667676.html
Black Edition CST CSXF68M,Спиннинговые,Black,Кастинг,M,7,16,"2,1",3,7,Сверх,,,7%,,"40,7",28,7198,,cast_10059_CSXF68M,/uploads/rods/cast_10059_CSXF68M.png,https://potryasovgame.ru/page110667676.html
Black Edition CST CSM68MH,Спиннинговые,Black,Кастинг,MH,7,28,"2,1",3,7,Средний,,,7%,,"50,8",28,7175,,cast_10059_CSM68MH,/uploads/rods/cast_10059_CSM68MH.png,https://potryasovgame.ru/page110667676.html
Rocket CM88H,Спиннинговые,Rocket,Кастинг,H,"10,5","45,5","2,7",2,3,Средний,,,,10%,"86,2",26,6999,,cast_10150_CM88H,/uploads/rods/cast_10150_CM88H.png,https://potryasovgame.ru/page110667676.html
Black Edition CST CSXF60H,Спиннинговые,Black,Кастинг,H,12,28,"1,8",3,8,Сверх,,Воблер +2,,,"43,7",28,6991,,cast_10059_CSXF60H,/uploads/rods/cast_10059_CSXF60H.png,https://potryasovgame.ru/page110667676.html
Black Edition CST CSF60MH,Спиннинговые,Black,Кастинг,MH,7,21,"2,4",3,7,Быстрый,,,7%,,45,28,6961,,cast_10059_CSF60MH,/uploads/rods/cast_10059_CSF60MH.png,https://potryasovgame.ru/page110667676.html
Rocket CM88MH,Спиннинговые,Rocket,Кастинг,MH,7,35,"2,7",2,3,Средний,,,,10%,84,26,6799,,cast_10150_CM88MH,/uploads/rods/cast_10150_CM88MH.png,https://potryasovgame.ru/page110667676.html
Rocket CM77M,Спиннинговые,Rocket,Кастинг,M,5,20,"2,4",2,3,Средний,,,,10%,"78,6",26,6298,,cast_10150_CM77M,/uploads/rods/cast_10150_CM77M.png,https://potryasovgame.ru/page110667676.html
Armada CST CSF68MH,Спиннинговые,Armada,Кастинг,MH,7,21,"1,8",7,8,Быстрый,,Джиговые +2,,,"22,8",28,6239,,cast_10058_CSF68MH,/uploads/rods/cast_10058_CSF68MH.png,https://potryasovgame.ru/page110667676.html
Armada CST CSF68XH,Спиннинговые,Armada,Кастинг,XH,14,48,"2,1",7,10,Быстрый,,Джиговые +2,,,"25,7",28,6239,,cast_10058_CSF68XH,/uploads/rods/cast_10058_CSF68XH.png,https://potryasovgame.ru/page110667676.html
Armada CST CSXF68M,Спиннинговые,Armada,Кастинг,M,4,10,"2,1",8,7,Сверх,,Джиговые +2,,,"13,8",28,6227,,cast_10058_CSXF68M,/uploads/rods/cast_10058_CSXF68M.png,https://potryasovgame.ru/page110667676.html
Armada CST CSF60M,Спиннинговые,Armada,Кастинг,M,5,14,"1,8",8,8,Быстрый,,Джиговые +2,,,"16,8",28,6133,,cast_10058_CSF60M,/uploads/rods/cast_10058_CSF60M.png,https://potryasovgame.ru/page110667676.html
Armada CST CSXF60H,Спиннинговые,Armada,Кастинг,H,12,28,"1,8",7,9,Сверх,,Джиговые +2,,,"21,9",28,6098,,cast_10058_CSXF60H,/uploads/rods/cast_10058_CSXF60H.png,https://potryasovgame.ru/page110667676.html
Armada CST CSXF60UL,Спиннинговые,Armada,Кастинг,UL,2,4,"1,8",8,7,Сверх,100%,Джиговые +2,,,"5,1",28,6098,,cast_10058_CSXF60UL,/uploads/rods/cast_10058_CSXF60UL.png,https://potryasovgame.ru/page110667676.html
Barracuda CST CSM68M,Спиннинговые,Barracuda,Кастинг,M,5,25,"2,1",1,3,Средний,,,,,"78,8",26,5999,,cast_10057_CSM68M,/uploads/rods/cast_10057_CSM68M.png,https://potryasovgame.ru/page110667676.html
Armada CST CSF60MH,Спиннинговые,Armada,Кастинг,MH,7,21,"2,1",7,8,Быстрый,,Джиговые +2,,,"22,8",28,5992,,cast_10058_CSF60MH,/uploads/rods/cast_10058_CSF60MH.png,https://potryasovgame.ru/page110667676.html
Legend CF77ML,Спиннинговые,Legend,Кастинг,ML,"3,5",12,"2,4",5,6,Быстрый,25%,Воблер +1,5%,,29,28,5441,,cast_10151_CF77ML,/uploads/rods/cast_10151_CF77ML.png,https://potryasovgame.ru/page110667676.html
Legend CF70M,Спиннинговые,Legend,Кастинг,M,5,"17,5","2,1",5,6,Быстрый,,Воблер +1,5%,,"39,5",28,5383,,cast_10151_CF70M,/uploads/rods/cast_10151_CF70M.png,https://potryasovgame.ru/page110667676.html
Legend CF70MH,Спиннинговые,Legend,Кастинг,MH,"10,5",28,"2,1",5,8,Быстрый,,Воблер +1,5%,,"41,5",28,5383,,cast_10151_CF70MH,/uploads/rods/cast_10151_CF70MH.png,https://potryasovgame.ru/page110667676.html
Legend CF77H,Спиннинговые,Legend,Кастинг,H,14,42,"2,4",5,9,Быстрый,,Воблер +1,5%,,42,28,5383,,cast_10151_CF77H,/uploads/rods/cast_10151_CF77H.png,https://potryasovgame.ru/page110667676.html
Legend CF66M,Спиннинговые,Legend,Кастинг,M,5,"17,5","1,8",5,6,Быстрый,,Воблер +1,5%,,"39,5",28,5313,,cast_10151_CF66M,/uploads/rods/cast_10151_CF66M.png,https://potryasovgame.ru/page110667676.html
Legend CF68ML,Спиннинговые,Legend,Кастинг,ML,"3,5",12,2,5,6,Быстрый,25%,Воблер +1,5%,,29,28,5313,,cast_10151_CF68ML,/uploads/rods/cast_10151_CF68ML.png,https://potryasovgame.ru/page110667676.html
Legend CF66UL,Спиннинговые,Legend,Кастинг,UL,1,5,"1,8",6,5,Быстрый,100%,Воблер +1,5%,,"10,1",28,5313,,cast_10151_CF66UL,/uploads/rods/cast_10151_CF66UL.png,https://potryasovgame.ru/page110667676.html
Legend CF66L,Спиннинговые,Legend,Кастинг,L,2,8,"1,8",6,6,Быстрый,50%,Воблер +1,5%,,16,28,5081,,cast_10151_CF66L,/uploads/rods/cast_10151_CF66L.png,https://potryasovgame.ru/page110667676.html
Advent CST-F100HHH,Спиннинговые,Advent,Кастинг,XH,21,70,3,6,10,Быстрый,,,,,57,26,4995,,cast_10159_F100HHH,/uploads/rods/cast_10159_F100HHH.png,https://potryasovgame.ru/page110667676.html
Advent CST-F96H,Спиннинговые,Advent,Кастинг,H,8,42,"2,9",7,8,Быстрый,,,,,45,26,4929,,cast_10159_F96H,/uploads/rods/cast_10159_F96H.png,https://potryasovgame.ru/page110667676.html
Barracuda CST CSSL78M,Спиннинговые,Barracuda,Кастинг,M,3,20,"2,4",1,1,Медленный,,,,,"60,8",26,4899,,cast_10057_CSSL78L,/uploads/rods/cast_10057_CSSL78L.png,https://potryasovgame.ru/page110667676.html
Advent CST-F93MH,Спиннинговые,Advent,Кастинг,MH,5,28,"2,8",7,7,Быстрый,,,,,50,26,4859,,cast_10159_F93MH,/uploads/rods/cast_10159_F93MH.png,https://potryasovgame.ru/page110667676.html
Advent CST-F86HH,Спиннинговые,Advent,Кастинг,XH,10,56,"2,6",7,9,Быстрый,,,,,50,26,4813,,cast_10159_F86HH,/uploads/rods/cast_10159_F86HH.png,https://potryasovgame.ru/page110667676.html
Advent CST-F70HHH,Спиннинговые,Advent,Кастинг,XH,21,70,"2,1",6,10,Быстрый,,,,,53,26,4709,,cast_10159_F70HHH,/uploads/rods/cast_10159_F70HHH.png,https://potryasovgame.ru/page110667676.html
Advent CST-F70HH,Спиннинговые,Advent,Кастинг,XH,10,56,"2,1",7,9,Быстрый,,,,,50,26,4605,,cast_10159_F70HH,/uploads/rods/cast_10159_F70HH.png,https://potryasovgame.ru/page110667676.html
Evora CST CSSL98H,Спиннинговые,Evora,Кастинг,H,12,60,3,5,7,Медленный,,,,10%,"49,4",24,4499,,cast_10056_CSSL98H,/uploads/rods/cast_10056_CSSL98H.png,https://potryasovgame.ru/page110667676.html
Advent CST-F66L,Спиннинговые,Advent,Кастинг,L,3,9,2,7,7,Быстрый,50%,,,,"23,1",26,4383,,cast_10159_F66L,/uploads/rods/cast_10159_F66L.png,https://potryasovgame.ru/page110667676.html
Advent CST-F70H,Спиннинговые,Advent,Кастинг,H,8,42,"2,1",7,8,Быстрый,,,,,45,26,4298,,cast_10159_F70H,/uploads/rods/cast_10159_F70H.png,https://potryasovgame.ru/page110667676.html
Pulse CF70MH,Спиннинговые,Pulse,Кастинг,MH,7,28,"2,1",7,8,Быстрый,,Джиговые +1,,,28,24,3929,,cast_10149_CF70MH,/uploads/rods/cast_10149_CF70MH.png,https://potryasovgame.ru/page110667676.html
Pulse CF70H,Спиннинговые,Pulse,Кастинг,H,14,52,"2,1",7,9,Быстрый,,Джиговые +1,,,"28,1",24,3929,,cast_10149_CF70H,/uploads/rods/cast_10149_CF70H.png,https://potryasovgame.ru/page110667676.html
Pulse CF70XH,Спиннинговые,Pulse,Кастинг,XH,21,77,"2,1",7,10,Быстрый,,Джиговые +1,,,"28,6",24,3929,,cast_10149_CF70XH,/uploads/rods/cast_10149_CF70XH.png,https://potryasovgame.ru/page110667676.html
Pulse CXF70M,Спиннинговые,Pulse,Кастинг,M,7,"17,5","2,1",7,8,Сверх,,Джиговые +1,,,"26,1",24,3929,,cast_10149_CXF70M,/uploads/rods/cast_10149_CXF70M.png,https://potryasovgame.ru/page110667676.html
Pulse CF66L,Спиннинговые,Pulse,Кастинг,L,"2,5",9,2,8,7,Быстрый,50%,Джиговые +1,,,15,24,3815,,cast_10149_CF66L,/uploads/rods/cast_10149_CF66L.png,https://potryasovgame.ru/page110667676.html
Pulse CF66ML,Спиннинговые,Pulse,Кастинг,ML,4,14,2,7,7,Быстрый,25%,Джиговые +1,,,"25,4",24,3815,,cast_10149_CF66ML,/uploads/rods/cast_10149_CF66ML.png,https://potryasovgame.ru/page110667676.html
Pulse CF60UL,Спиннинговые,Pulse,Кастинг,UL,"1,5",5,"1,8",6,6,Быстрый,100%,Джиговые +1,,,9,24,3815,,cast_10149_CF60UL,/uploads/rods/cast_10149_CF60UL.png,https://potryasovgame.ru/page110667676.html
Advent CST-F66ML,Спиннинговые,Advent,Кастинг,ML,4,12,2,7,7,Быстрый,25%,,,,28,26,3550,,cast_10159_F66ML,/uploads/rods/cast_10159_F66ML.png,https://potryasovgame.ru/page110667676.html
Cardena CST CSM78ML,Спиннинговые,Cardena,Кастинг,ML,4,16,"2,4",3,5,Средний,25%,,,,"37,5",22,3499,,cast_10055_CSM78ML,/uploads/rods/cast_10055_CSM78ML.png,https://potryasovgame.ru/page110667676.html
Versa CF70UL,Спиннинговые,Versa,Кастинг,UL,1,5,"2,1",5,5,Быстрый,100%,,,,"8,5",22,3135,,cast_10148_CF70UL,/uploads/rods/cast_10148_CF70UL.png,https://potryasovgame.ru/page110667676.html
Versa CM70L,Спиннинговые,Versa,Кастинг,L,"2,5",12,"2,1",5,5,Средний,50%,,,,21,22,3135,,cast_10148_CM70L,/uploads/rods/cast_10148_CM70L.png,https://potryasovgame.ru/page110667676.html
Evora CST CSSL78MH,Спиннинговые,Evora,Кастинг,MH,8,40,"2,4",5,6,Медленный,,,,10%,"38,7",24,3100,,cast_10056_CSSL78MH,/uploads/rods/cast_10056_CSSL78MH.png,https://potryasovgame.ru/page110667676.html
Cardena CST CSM68UL,Спиннинговые,Cardena,Кастинг,UL,1,5,"2,1",3,4,Средний,100%,,,,8,22,2799,,cast_10055_CSM68UL,/uploads/rods/cast_10055_CSM68UL.png,https://potryasovgame.ru/page110667676.html
Versa CF66ML,Спиннинговые,Versa,Кастинг,ML,4,14,2,6,6,Быстрый,25%,,,,"28,1",22,2650,,cast_10148_CF66ML,/uploads/rods/cast_10148_CF66ML.png,https://potryasovgame.ru/page110667676.html
Versa CM80H,Спиннинговые,Versa,Кастинг,H,14,70,"2,5",6,8,Средний,,,,,35,22,2550,,cast_10148_CM80H,/uploads/rods/cast_10148_CM80H.png,https://potryasovgame.ru/page110667676.html
Versa CF77M,Спиннинговые,Versa,Кастинг,M,"4,5","17,5","2,4",6,6,Быстрый,,,,,35,22,2500,,cast_10148_CF77M,/uploads/rods/cast_10148_CF77M.png,https://potryasovgame.ru/page110667676.html
Versa CF77XH,Спиннинговые,Versa,Кастинг,XH,12,42,"2,4",6,8,Быстрый,,,,,35,22,2500,,cast_10148_CF77XH,/uploads/rods/cast_10148_CF77XH.png,https://potryasovgame.ru/page110667676.html
Advent CST-F70MH,Спиннинговые,Advent,Кастинг,MH,5,28,"2,1",7,7,Быстрый,,,,,32,26,2498,,cast_10159_F70MH,/uploads/rods/cast_10159_F70MH.png,https://potryasovgame.ru/page110667676.html
Ethnic CSTXF98H,Спиннинговые,Ethnic,Кастинг,H,12,36,3,4,7,Сверх,,,,,"36,1",16,2449,,cast_10109_CSTXF98H,/uploads/rods/cast_10109_CSTXF98H.png,https://potryasovgame.ru/page110667676.html
Versa CM66MH,Спиннинговые,Versa,Кастинг,MH,7,28,2,6,7,Быстрый,,,,,"34,5",22,2400,,cast_10148_CM66MH,/uploads/rods/cast_10148_CM66MH.png,https://potryasovgame.ru/page110667676.html
Integra CF70ML,Спиннинговые,Integra,Кастинг,ML,"3,5",12,"2,1",3,5,Быстрый,25%,,,,26,20,2361,,cast_10147_CF70ML,/uploads/rods/cast_10147_CF70ML.png,https://potryasovgame.ru/page110667676.html
Ethnic CSTF88H,Спиннинговые,Ethnic,Кастинг,H,12,48,"2,7",4,7,Быстрый,,,,,36,16,2350,,cast_10109_CSTF88H,/uploads/rods/cast_10109_CSTF88H.png,https://potryasovgame.ru/page110667676.html
Ethnic CSTXF78H,Спиннинговые,Ethnic,Кастинг,H,12,36,"2,4",4,7,Сверх,,,,,"36,1",16,2250,,cast_10109_CSTXF78H,/uploads/rods/cast_10109_CSTXF78H.png,https://potryasovgame.ru/page110667676.html
Ethnic CSTXF88XH,Спиннинговые,Ethnic,Кастинг,XH,20,60,"2,7",4,7,Сверх,,,,,35,16,2199,,cast_10109_CSTXF88XH,/uploads/rods/cast_10109_CSTXF88XH.png,https://potryasovgame.ru/page110667676.html
Cardena CST CSF60L,Спиннинговые,Cardena,Кастинг,L,2,7,"1,8",3,5,Быстрый,50%,,,,16,22,2150,,cast_10055_CSF60L,/uploads/rods/cast_10055_CSF60L.png,https://potryasovgame.ru/page110667676.html
Model One CST S88H,Спиннинговые,Model,Кастинг,H,15,50,"2,7",2,6,Быстрый,,,,,"35,4",18,2150,,cast_10020_S88H,/uploads/rods/cast_10020_S88H.png,https://potryasovgame.ru/page110667676.html
Ventura CM77H,Спиннинговые,Ventura,Кастинг,H,14,70,"2,4",3,6,Средний,,,,,"34,5",18,1999,,cast_10146_CM77H,/uploads/rods/cast_10146_CM77H.png,https://potryasovgame.ru/page110667676.html
Ethnic CSTM78L,Спиннинговые,Ethnic,Кастинг,L,2,10,"2,4",3,4,Средний,50%,,,,17,16,1974,,cast_10109_CSTM78L,/uploads/rods/cast_10109_CSTM78L.png,https://potryasovgame.ru/page110667676.html
Integra CF77M,Спиннинговые,Integra,Кастинг,M,5,"17,5","2,4",3,5,Быстрый,,,,,"32,2",20,1949,,cast_10147_CF77M,/uploads/rods/cast_10147_CF77M.png,https://potryasovgame.ru/page110667676.html
Integra CF70MH,Спиннинговые,Integra,Кастинг,MH,7,21,"2,1",3,5,Быстрый,,,,,"33,3",20,1940,,cast_10147_CF70MH,/uploads/rods/cast_10147_CF70MH.png,https://potryasovgame.ru/page110667676.html
Ethnic CSTM68UL,Спиннинговые,Ethnic,Кастинг,UL,1,5,"2,1",3,3,Средний,100%,,,,7,16,1899,,cast_10109_CSTM68UL,/uploads/rods/cast_10109_CSTM68UL.png,https://potryasovgame.ru/page110667676.html
Ethnic CSTF78ML,Спиннинговые,Ethnic,Кастинг,ML,4,16,"2,4",6,6,Быстрый,25%,,,,20,16,1853,,cast_10109_CSTF78ML,/uploads/rods/cast_10109_CSTF78ML.png,https://potryasovgame.ru/page110667676.html
Aeros CST CSXF60H,Спиннинговые,Aeros,Кастинг,H,10,28,"1,8",4,7,Сверх,,,,,"32,1",20,1800,,cast_10054_CSXF60H,/uploads/rods/cast_10054_CSXF60H.png,https://potryasovgame.ru/page110667676.html
Ventura CF66ML,Спиннинговые,Ventura,Кастинг,ML,"3,5",14,2,3,5,Быстрый,25%,,,,22,18,1799,,cast_10146_CF66ML,/uploads/rods/cast_10146_CF66ML.png,https://potryasovgame.ru/page110667676.html
Integra CF66M,Спиннинговые,Integra,Кастинг,M,6,16,2,3,5,Быстрый,,,,,"31,1",20,1730,,cast_10147_CF66M,/uploads/rods/cast_10147_CF66M.png,https://potryasovgame.ru/page110667676.html
Ventura CF66MH,Спиннинговые,Ventura,Кастинг,MH,7,21,2,3,5,Быстрый,,,,,"31,5",18,1699,,cast_10146_CF66MH,/uploads/rods/cast_10146_CF66MH.png,https://potryasovgame.ru/page110667676.html
Aurora CSTXF88H,Спиннинговые,Aurora,Кастинг,H,12,28,"2,7",5,8,Сверх,,,,,28,14,1699,,cast_10108_CSTXF88H,/uploads/rods/cast_10108_CSTXF88H.png,https://potryasovgame.ru/page110667676.html
Super Duty CST86XH,Спиннинговые,Super,Кастинг,XH,25,100,"2,6",4,8,Быстрый,,,,,"30,5",14,1670,,cast_10018_CST86XH,/uploads/rods/cast_10018_CST86XH.png,https://potryasovgame.ru/page110667676.html
Ethnic CSTM88MH,Спиннинговые,Ethnic,Кастинг,MH,7,28,"2,7",3,5,Средний,,,,,27,16,1660,,cast_10109_CSTM88MH,/uploads/rods/cast_10109_CSTM88MH.png,https://potryasovgame.ru/page110667676.html
Ventura CXF70MH,Спиннинговые,Ventura,Кастинг,MH,"10,5",28,"2,1",3,6,Сверх,,,,,30,18,1656,,cast_10146_CXF70MH,/uploads/rods/cast_10146_CXF70MH.png,https://potryasovgame.ru/page110667676.html
Ventura CXF70M,Спиннинговые,Ventura,Кастинг,M,7,"17,5","2,1",3,6,Сверх,,,,,26,18,1590,,cast_10146_CXF70M,/uploads/rods/cast_10146_CXF70M.png,https://potryasovgame.ru/page110667676.html
Aeros CST CSF66MH,Спиннинговые,Aeros,Кастинг,MH,7,28,"2,1",4,6,Быстрый,,,,,"27,6",20,1549,,cast_10054_CSF66MH,/uploads/rods/cast_10054_CSF66MH.png,https://potryasovgame.ru/page110667676.html
Ethnic CSTF66MH,Спиннинговые,Ethnic,Кастинг,MH,7,21,2,5,7,Быстрый,,,,,26,16,1499,,cast_10109_CSTF66MH,/uploads/rods/cast_10109_CSTF66MH.png,https://potryasovgame.ru/page110667676.html
Model One CST S78L,Спиннинговые,Model,Кастинг,L,2,10,"2,4",3,5,Быстрый,50%,,,,"15,7",18,1471,,cast_10020_S78L,/uploads/rods/cast_10020_S78L.png,https://potryasovgame.ru/page110667676.html
Model One CST S78M,Спиннинговые,Model,Кастинг,M,5,30,"2,4",2,4,Средний,,,,,23,18,1437,,cast_10020_S78M,/uploads/rods/cast_10020_S78M.png,https://potryasovgame.ru/page110667676.html
Super Duty CST78H,Спиннинговые,Super,Кастинг,H,14,70,"2,4",4,7,Средний,,,,,"24,3",14,1398,,cast_10018_CST78H,/uploads/rods/cast_10018_CST78H.png,https://potryasovgame.ru/page110667676.html
Super Duty CST60MH,Спиннинговые,Super,Кастинг,MH,15,45,"1,8",4,8,Сверх,,,,,24,14,1328,,cast_10018_CST60MH,/uploads/rods/cast_10018_CST60MH.png,https://potryasovgame.ru/page110667676.html
Mechta CSTXF88XH,Спиннинговые,Mechta,Кастинг,XH,25,90,"2,7",5,9,Сверх,,,,,23,14,1299,,cast_10123_CSTXF88XH,/uploads/rods/cast_10123_CSTXF88XH.png,https://potryasovgame.ru/page110667676.html
Mechta CSTF68ML,Спиннинговые,Mechta,Кастинг,ML,4,17,2,5,6,Быстрый,25%,,,,17,14,1199,,cast_10123_CSTF68ML,/uploads/rods/cast_10123_CSTF68ML.png,https://potryasovgame.ru/page110667676.html
Aurora CSTXF78MH,Спиннинговые,Aurora,Кастинг,MH,7,19,"2,4",6,8,Сверх,,,,,21,14,1188,,cast_10108_CSTXF78MH,/uploads/rods/cast_10108_CSTXF78MH.png,https://potryasovgame.ru/page110667676.html
Model One CST S68MH,Спиннинговые,Model,Кастинг,MH,10,25,"2,1",6,8,Сверх,,,,,21,18,1145,,cast_10020_S68MH,/uploads/rods/cast_10020_S68MH.png,https://potryasovgame.ru/page110667676.html
Mechta CSTXF88H,Спиннинговые,Mechta,Кастинг,H,15,50,"2,7",5,8,Сверх,,,,,21,14,1090,,cast_10123_CSTXF88H,/uploads/rods/cast_10123_CSTXF88H.png,https://potryasovgame.ru/page110667676.html
Aurora CSTF78M,Спиннинговые,Aurora,Кастинг,M,6,21,"2,4",6,7,Быстрый,,,,,20,14,996,,cast_10108_CSTF78M,/uploads/rods/cast_10108_CSTF78M.png,https://potryasovgame.ru/page110667676.html
Mechta CSTM98MH,Спиннинговые,Mechta,Кастинг,MH,7,35,3,5,6,Средний,,,,,17,14,990,,cast_10123_CSTM98MH,/uploads/rods/cast_10123_CSTM98MH.png,https://potryasovgame.ru/page110667676.html
Mechta CSTF78MH,Спиннинговые,Mechta,Кастинг,MH,7,30,"2,4",5,7,Быстрый,,,,,20,14,930,,cast_10123_CSTF78MH,/uploads/rods/cast_10123_CSTF78MH.png,https://potryasovgame.ru/page110667676.html
Mechta CSTXF78MH,Спиннинговые,Mechta,Кастинг,MH,10,35,"2,4",5,7,Сверх,,,,,19,14,930,,cast_10123_CSTXF78MH,/uploads/rods/cast_10123_CSTXF78MH.png,https://potryasovgame.ru/page110667676.html
Mechta CSTM70L,Спиннинговые,Mechta,Кастинг,L,2,10,"2,1",4,4,Средний,50%,,,,13,14,930,,cast_10123_CSTM70L,/uploads/rods/cast_10123_CSTM70L.png,https://potryasovgame.ru/page110667676.html
Mechta CSTM70UL,Спиннинговые,Mechta,Кастинг,UL,1,7,"2,1",4,4,Средний,100%,,,,"5,1",14,930,,cast_10123_CSTM70UL,/uploads/rods/cast_10123_CSTM70UL.png,https://potryasovgame.ru/page110667676.html
Mechta CSTF60MH,Спиннинговые,Mechta,Кастинг,MH,7,30,"1,8",5,7,Быстрый,,,,,20,14,920,,cast_10123_CSTF60MH,/uploads/rods/cast_10123_CSTF60MH.png,https://potryasovgame.ru/page110667676.html
Karelia CSTF78MH,Спиннинговые,Karelia,Кастинг,MH,10,40,"2,4",3,6,Быстрый,,,,,18,12,849,,cast_10107_CSTF78MH,/uploads/rods/cast_10107_CSTF78MH.png,https://potryasovgame.ru/page110667676.html
Karelia CSTM78ML,Спиннинговые,Karelia,Кастинг,ML,4,16,"2,4",3,5,Средний,25%,,,,12,12,749,,cast_10107_CSTM78ML,/uploads/rods/cast_10107_CSTM78ML.png,https://potryasovgame.ru/page110667676.html
Karelia CSTM68L,Спиннинговые,Karelia,Кастинг,L,2,10,"2,1",4,5,Средний,50%,,,,"10,2",12,744,,cast_10107_CSTM68L,/uploads/rods/cast_10107_CSTM68L.png,https://potryasovgame.ru/page110667676.html
Belmor CSTXF88XH,Спиннинговые,Belmor,Кастинг,XH,20,60,"2,7",4,9,Сверх,,,,,16,10,698,,cast_10106_CSTXF88XH,/uploads/rods/cast_10106_CSTXF88XH.png,https://potryasovgame.ru/page110667676.html
Karelia CSTF78M,Спиннинговые,Karelia,Кастинг,M,5,20,"2,4",3,5,Быстрый,,,,,16,12,679,,cast_10107_CSTF78M,/uploads/rods/cast_10107_CSTF78M.png,https://potryasovgame.ru/page110667676.html
Linear CST 98H,Спиннинговые,Linear,Кастинг,H,12,45,3,4,7,Быстрый,,,,,"15,3",10,677,,cast_10017_98H,/uploads/rods/cast_10017_98H.png,https://potryasovgame.ru/page110667676.html
Heavy CST C80XH,Спиннинговые,Heavy,Кастинг,XH,40,120,"2,4",0,10,Быстрый,,,,,"15,4",7,653,,cast_10010_C80XH,/uploads/rods/cast_10010_C80XH.png,https://potryasovgame.ru/page110667676.html
Belmor CSTF88H,Спиннинговые,Belmor,Кастинг,H,12,48,"2,7",4,8,Быстрый,,,,,14,10,599,,cast_10106_CSTF88H,/uploads/rods/cast_10106_CSTF88H.png,https://potryasovgame.ru/page110667676.html
Fortuna CST 66MH,Спиннинговые,Fortuna,Кастинг,MH,7,28,2,4,6,Быстрый,,Джиггинг +1,,,"14,5",16,598,,cast_10019_66MH,/uploads/rods/cast_10019_66MH.png,https://potryasovgame.ru/page110667676.html
Lait CSTSL78ML,Спиннинговые,Lait,Кастинг,ML,3,15,"2,4",2,4,Медленный,25%,,,,"11,5",9,559,,cast_10122_CSTSL78ML,/uploads/rods/cast_10122_CSTSL78ML.png,https://potryasovgame.ru/page110667676.html
Lait CSTSL70L,Спиннинговые,Lait,Кастинг,L,2,12,"2,1",2,4,Медленный,50%,,,,"7,5",9,539,,cast_10122_CSTSL70L,/uploads/rods/cast_10122_CSTSL70L.png,https://potryasovgame.ru/page110667676.html
Fortuna CST 68MH,Спиннинговые,Fortuna,Кастинг,MH,7,21,"2,1",6,8,Сверх,,Джиггинг +1,,,"13,5",16,519,,cast_10019_68MH,/uploads/rods/cast_10019_68MH.png,https://potryasovgame.ru/page110667676.html
Linear CST 78MH,Спиннинговые,Linear,Кастинг,MH,10,30,"2,4",6,8,Быстрый,,,,,"13,5",10,497,,cast_10017_78MH,/uploads/rods/cast_10017_78MH.png,https://potryasovgame.ru/page110667676.html
Linear CST68ML,Спиннинговые,Linear,Кастинг,ML,3,15,"2,1",5,6,Средний,25%,,,,11,10,478,,cast_10017_68ML,/uploads/rods/cast_10017_68ML.png,https://potryasovgame.ru/page110667676.html
Fortuna CST 60MH,Спиннинговые,Fortuna,Кастинг,MH,7,21,"1,8",6,8,Сверх,,Джиггинг +1,,,"13,5",16,419,,cast_10019_60MH,/uploads/rods/cast_10019_60MH.png,https://potryasovgame.ru/page110667676.html
Belmor CSTF78MH,Спиннинговые,Belmor,Кастинг,MH,7,28,"2,4",4,7,Быстрый,,,,,13,10,419,,cast_10106_CSTF78MH,/uploads/rods/cast_10106_CSTF78MH.png,https://potryasovgame.ru/page110667676.html
Belmor CSTF78M,Спиннинговые,Belmor,Кастинг,M,5,20,"2,4",4,7,Быстрый,,,,,12,10,398,,cast_10106_CSTF78M,/uploads/rods/cast_10106_CSTF78M.png,https://potryasovgame.ru/page110667676.html
Heavy CST C70XH,Спиннинговые,Heavy,Кастинг,XH,25,80,"2,1",0,9,Сверх,,,,,"13,1",7,388,,cast_10010_C70XH,/uploads/rods/cast_10010_C70XH.png,https://potryasovgame.ru/page110667676.html
Premium Stick CST C80M,Спиннинговые,Premium,Кастинг,M,5,15,"2,4",4,7,Быстрый,,,,,"11,7",10,322,,cast_10011_C80M,/uploads/rods/cast_10011_C80M.png,https://potryasovgame.ru/page110667676.html
Premium Stick CST C80H,Спиннинговые,Premium,Кастинг,H,7,28,"2,4",4,7,Быстрый,,,,,"12,1",10,321,,cast_10011_C80H,/uploads/rods/cast_10011_C80H.png,https://potryasovgame.ru/page110667676.html
Premium Stick CST C70M,Спиннинговые,Premium,Кастинг,M,5,15,"2,1",4,7,Быстрый,,,,,"11,7",10,319,,cast_10011_C70M,/uploads/rods/cast_10011_C70M.png,https://potryasovgame.ru/page110667676.html
Premium Stick CST C70MH,Спиннинговые,Premium,Кастинг,MH,7,21,"2,1",4,7,Сверх,,,,,12,10,319,,cast_10011_C70MH,/uploads/rods/cast_10011_C70MH.png,https://potryasovgame.ru/page110667676.html
Premium Stick CST C66H,Спиннинговые,Premium,Кастинг,H,7,28,2,4,7,Быстрый,,,,,"12,1",10,318,,cast_10011_C66H,/uploads/rods/cast_10011_C66H.png,https://potryasovgame.ru/page110667676.html
Premium Stick CST C60MH,Спиннинговые,Premium,Кастинг,MH,7,21,"1,8",4,7,Сверх,,,,,12,10,315,,cast_10011_C60MH,/uploads/rods/cast_10011_C60MH.png,https://potryasovgame.ru/page110667676.html
Premium Stick CST C66MH,Спиннинговые,Premium,Кастинг,MH,7,21,2,4,7,Сверх,,,,,12,10,314,,cast_10011_C66MH,/uploads/rods/cast_10011_C66MH.png,https://potryasovgame.ru/page110667676.html
Premium Stick CST C70H,Спиннинговые,Premium,Кастинг,H,7,28,"2,1",4,7,Быстрый,,,,,"12,1",10,310,,cast_10011_C70H,/uploads/rods/cast_10011_C70H.png,https://potryasovgame.ru/page110667676.html
Heavy CST C66H,Спиннинговые,Heavy,Кастинг,H,18,40,2,2,8,Сверх,,,,,11,7,289,,cast_10010_C66H,/uploads/rods/cast_10010_C66H.png,https://potryasovgame.ru/page110667676.html
Vision CST C66MH,Спиннинговые,Vision,Кастинг,MH,5,30,2,3,5,Средний,,,,,"9,9",4,249,,cast_10008_C66MH,/uploads/rods/cast_10008_C66MH.png,https://potryasovgame.ru/page110667676.html
Arrow CST C70M,Спиннинговые,Arrow,Кастинг,M,5,20,"2,1",4,7,Средний,,,,,7,5,174,,cast_10009_C70M,/uploads/rods/cast_10009_C70M.png,https://potryasovgame.ru/page110667676.html
Arrow CST C60M,Спиннинговые,Arrow,Кастинг,M,5,20,"1,8",4,7,Средний,,,,,7,5,155,,cast_10009_C60M,/uploads/rods/cast_10009_C60M.png,https://potryasovgame.ru/page110667676.html
Dynamic CST C70M,Спиннинговые,Dynamic,Кастинг,M,7,21,"2,1",3,6,Сверх,,,,,"6,5",3,113,,cast_10007_C70M,/uploads/rods/cast_10007_C70M.png,https://potryasovgame.ru/page110667676.html
Dynamic CST C66MH,Спиннинговые,Dynamic,Кастинг,MH,10,30,2,3,7,Быстрый,,,,,"5,9",3,95,,cast_10007_C66MH,/uploads/rods/cast_10007_C66MH.png,https://potryasovgame.ru/page110667676.html
Dynamic CST C60MH,Спиннинговые,Dynamic,Кастинг,MH,10,30,"1,8",3,7,Быстрый,,,,,"5,9",3,86,,cast_10007_C60MH,/uploads/rods/cast_10007_C60MH.png,https://potryasovgame.ru/page110667676.html
Dynamic CST C60H,Спиннинговые,Dynamic,Кастинг,H,15,45,"1,8",2,8,Сверх,,,,,"6,5",3,79,,cast_10007_C60H,/uploads/rods/cast_10007_C60H.png,https://potryasovgame.ru/page110667676.html
Corona CST C70H,Спиннинговые,Corona,Кастинг,H,15,60,"2,1",3,9,Быстрый,,,,,"5,4",1,"35,5",,cast_10006_C70H,/uploads/rods/cast_10006_C70H.png,https://potryasovgame.ru/page110667676.html
Corona CST C66H,Спиннинговые,Corona,Кастинг,H,15,60,2,3,9,Быстрый,,,,,"5,4",1,34,,cast_10006_C66H,/uploads/rods/cast_10006_C66H.png,https://potryasovgame.ru/page110667676.html
Corona CST C66MH,Спиннинговые,Corona,Кастинг,MH,10,30,2,3,7,Сверх,,,,,"4,2",1,34,,cast_10006_C66MH,/uploads/rods/cast_10006_C66MH.png,https://potryasovgame.ru/page110667676.html
Corona CST C60MH,Спиннинговые,Corona,Кастинг,MH,10,30,"1,8",3,7,Сверх,,,,,"4,2",1,30,,cast_10006_C60MH,/uploads/rods/cast_10006_C60MH.png,https://potryasovgame.ru/page110667676.html
Ultima J-F72HHH,Спиннинговые,Ultima,Джерк,XH,40,125,"2,1",8,10,Быстрый,,Джербейт +2,,,88,32,20110,,jerk_10165_F72HHH,/uploads/rods/jerk_10165_F72HHH.png,https://potryasovgame.ru/page110667676.html
Ultima J-F71HH,Спиннинговые,Ultima,Джерк,XH,25,75,"2,1",8,10,Быстрый,,Джербейт +2,,,84,32,19197,,jerk_10165_F71HH,/uploads/rods/jerk_10165_F71HH.png,https://potryasovgame.ru/page110667676.html
Ultima J-F70H,Спиннинговые,Ultima,Джерк,H,15,45,"2,1",8,10,Быстрый,,Джербейт +2,,,77,32,18549,,jerk_10165_F70H,/uploads/rods/jerk_10165_F70H.png,https://potryasovgame.ru/page110667676.html
Ultima J-F68MH,Спиннинговые,Ultima,Джерк,MH,10,30,2,8,9,Быстрый,,Джербейт +2,,,72,32,17773,,jerk_10165_F68MH,/uploads/rods/jerk_10165_F68MH.png,https://potryasovgame.ru/page110667676.html
Advent J-F70HHH,Спиннинговые,Advent,Джерк,XH,35,112,"2,1",6,10,Быстрый,,Джербейт +1,,,54,28,8164,,jerk_10164_F70HHH,/uploads/rods/jerk_10164_F70HHH.png,https://potryasovgame.ru/page110667676.html
Muskie Strike JSXF68XH,Спиннинговые,Muskie,Джерк,XH,35,90,"2,1",5,9,Сверх,,Удилище +1,,,"48,2",28,8142,,jerk_10061_JSXF68XH,/uploads/rods/jerk_10061_JSXF68XH.png,https://potryasovgame.ru/page110667676.html
Advent J-F68HH,Спиннинговые,Advent,Джерк,XH,21,70,2,6,10,Быстрый,,Джербейт +1,,,52,28,7924,,jerk_10164_F68HH,/uploads/rods/jerk_10164_F68HH.png,https://potryasovgame.ru/page110667676.html
Advent J-F68H,Спиннинговые,Advent,Джерк,H,12,42,2,7,9,Быстрый,,Джербейт +1,,,50,28,7804,,jerk_10164_F68H,/uploads/rods/jerk_10164_F68H.png,https://potryasovgame.ru/page110667676.html
Muskie Strike JSF60H,Спиннинговые,Muskie,Джерк,H,16,54,"1,8",5,8,Быстрый,,Удилище +1,,,"49,7",28,7782,,jerk_10061_JSF60H,/uploads/rods/jerk_10061_JSF60H.png,https://potryasovgame.ru/page110667676.html
Muskie Strike JSF60XH,Спиннинговые,Muskie,Джерк,XH,35,110,"1,8",5,9,Быстрый,,Удилище +1,,,"54,1",28,7782,,jerk_10061_JSF60XH,/uploads/rods/jerk_10061_JSF60XH.png,https://potryasovgame.ru/page110667676.html
Barracuda JB JSF68H,Спиннинговые,Barracuda,Джерк,H,30,95,"2,1",2,8,Быстрый,,,,,"61,9",26,5898,,jerk_10060_JSF68H,/uploads/rods/jerk_10060_JSF68H.png,https://potryasovgame.ru/page110667676.html
Barracuda JB JSF68XH,Спиннинговые,Barracuda,Джерк,XH,45,140,"2,1",2,8,Быстрый,,,,,"62,4",26,5898,,jerk_10060_JSF68XH,/uploads/rods/jerk_10060_JSF68XH.png,https://potryasovgame.ru/page110667676.html
Barracuda JB JSF60MH,Спиннинговые,Barracuda,Джерк,MH,20,60,"1,8",3,7,Быстрый,,,,,"60,8",26,5431,,jerk_10060_JSF60MH,/uploads/rods/jerk_10060_JSF60MH.png,https://potryasovgame.ru/page110667676.html
Legend JXF70H,Спиннинговые,Legend,Джерк,H,25,60,"2,1",5,9,Сверх,,,,,46,26,5383,,jerk_10153_JXF70H,/uploads/rods/jerk_10153_JXF70H.png,https://potryasovgame.ru/page110667676.html
Legend JXF70XH,Спиннинговые,Legend,Джерк,XH,45,110,"2,1",5,10,Сверх,,,,,"49,3",26,5383,,jerk_10153_JXF70XH,/uploads/rods/jerk_10153_JXF70XH.png,https://potryasovgame.ru/page110667676.html
Versus JF77XH,Спиннинговые,Versus,Джерк,XH,30,100,"2,2",5,9,Быстрый,,,,,"40,5",24,3141,,jerk_10152_JF77XH,/uploads/rods/jerk_10152_JF77XH.png,https://potryasovgame.ru/page110667676.html
Versus JF70MH,Спиннинговые,Versus,Джерк,MH,15,50,"2,1",6,8,Быстрый,,,,,38,24,3029,,jerk_10152_JF70MH,/uploads/rods/jerk_10152_JF70MH.png,https://potryasovgame.ru/page110667676.html
Versus JF70H,Спиннинговые,Versus,Джерк,H,25,75,"2,1",5,9,Быстрый,,,,,"39,5",24,3029,,jerk_10152_JF70H,/uploads/rods/jerk_10152_JF70H.png,https://potryasovgame.ru/page110667676.html
Ethnic Jerk JXF70XH,Спиннинговые,Ethnic,Джерк,XH,40,120,"2,1",4,8,Сверх,,,,,"45,2",24,2528,,jerk_10111_JXF70XH,/uploads/rods/jerk_10111_JXF70XH.png,https://potryasovgame.ru/page110667676.html
Ethnic Jerk JXF70H,Спиннинговые,Ethnic,Джерк,H,25,70,"2,1",4,8,Сверх,,,,,"44,3",24,2472,,jerk_10111_JXF70H,/uploads/rods/jerk_10111_JXF70H.png,https://potryasovgame.ru/page110667676.html
Ethnic Jerk JF66H,Спиннинговые,Ethnic,Джерк,H,15,60,2,4,7,Быстрый,,,,,"43,1",24,2417,,jerk_10111_JF66H,/uploads/rods/jerk_10111_JF66H.png,https://potryasovgame.ru/page110667676.html
Model One Jerk J68XH,Спиннинговые,Model,Джерк,XH,30,130,"2,1",2,8,Быстрый,,,,,"40,1",24,1633,,jerk_10045_J68XH,/uploads/rods/jerk_10045_J68XH.png,https://potryasovgame.ru/page110667676.html
Model One Jerk J60H,Спиннинговые,Model,Джерк,H,18,65,"1,8",2,7,Быстрый,,,,,35,24,1575,,jerk_10045_J60H,/uploads/rods/jerk_10045_J60H.png,https://potryasovgame.ru/page110667676.html
Model One Jerk J60XH,Спиннинговые,Model,Джерк,XH,30,110,"1,8",2,7,Быстрый,,,,,"39,4",24,1575,,jerk_10045_J60XH,/uploads/rods/jerk_10045_J60XH.png,https://potryasovgame.ru/page110667676.html
Karelia Jerk JXF70XH,Спиннинговые,Karelia,Джерк,XH,40,120,"2,1",3,8,Сверх,,,,,"34,1",22,1394,,jerk_10110_JXF70XH,/uploads/rods/jerk_10110_JXF70XH.png,https://potryasovgame.ru/page110667676.html
Karelia Jerk JXF66H,Спиннинговые,Karelia,Джерк,H,15,50,2,3,7,Сверх,,,,,"32,1",22,1372,,jerk_10110_JXF66H,/uploads/rods/jerk_10110_JXF66H.png,https://potryasovgame.ru/page110667676.html
Fortuna Jerk J60XH,Спиннинговые,Fortuna,Джерк,XH,35,100,"1,8",5,10,Сверх,,,,,"30,5",20,1244,,jerk_10044_J60XH,/uploads/rods/jerk_10044_J60XH.png,https://potryasovgame.ru/page110667676.html
Fortuna Jerk J60H,Спиннинговые,Fortuna,Джерк,H,20,50,"1,8",6,10,Сверх,,,,,"23,9",20,1136,,jerk_10044_J60H,/uploads/rods/jerk_10044_J60H.png,https://potryasovgame.ru/page110667676.html
Super Duty Jerk JR68XH,Спиннинговые,Super,Джерк,XH,40,150,"2,1",3,9,Быстрый,,,,,"28,5",20,938,,jerk_10043_JR68XH,/uploads/rods/jerk_10043_JR68XH.png,https://potryasovgame.ru/page110667676.html
Super Duty Jerk JR60XH,Спиннинговые,Super,Джерк,XH,30,120,"1,8",3,9,Быстрый,,,,,"27,7",20,895,,jerk_10043_JR60XH,/uploads/rods/jerk_10043_JR60XH.png,https://potryasovgame.ru/page110667676.html
Mechta JXF70XH,Спиннинговые,Mechta,Джерк,XH,25,90,"2,1",5,9,Сверх,,,,,23,14,739,,jerk_10124_JXF70XH,/uploads/rods/jerk_10124_JXF70XH.png,https://potryasovgame.ru/page110667676.html
Master 800,Поплавочные,Master,Мах,,2,18,8,5,9,Средний,,Глухая и Скольз. +3,,,17,28,12980,,tele_10169_800,/uploads/rods/tele_10169_800.png,https://potryasovgame.ru/page113839636.html
Master 700,Поплавочные,Master,Мах,,2,18,7,5,9,Средний,,Глухая и Скольз. +3,,,17,28,11960,,tele_10169_700,/uploads/rods/tele_10169_700.png,https://potryasovgame.ru/page113839636.html
Master 600,Поплавочные,Master,Мах,,2,18,6,5,9,Средний,,Глухая и Скольз. +3,,,17,28,10868,,tele_10169_600,/uploads/rods/tele_10169_600.png,https://potryasovgame.ru/page113839636.html
Master 500,Поплавочные,Master,Мах,,2,18,5,5,9,Средний,,Глухая и Скольз. +3,,,17,28,10177,,tele_10169_500,/uploads/rods/tele_10169_500.png,https://potryasovgame.ru/page113839636.html
Razor Ultra 800,Поплавочные,Razor,Мах,UL,1,5,8,7,8,Быстрый,100%,Глухая и Скольз. +1,,,"5,6",26,8514,,tele_10178_800,/uploads/rods/tele_10178_800.png,https://potryasovgame.ru/page113839636.html
Razor Ultra 700,Поплавочные,Razor,Мах,UL,1,5,7,7,8,Быстрый,100%,Глухая и Скольз. +1,,,"5,6",26,7913,,tele_10178_700,/uploads/rods/tele_10178_700.png,https://potryasovgame.ru/page113839636.html
Razor Ultra 600,Поплавочные,Razor,Мах,UL,1,5,6,7,8,Быстрый,100%,Глухая и Скольз. +1,,,"5,6",26,7435,,tele_10178_600,/uploads/rods/tele_10178_600.png,https://potryasovgame.ru/page113839636.html
Razor Ultra 500,Поплавочные,Razor,Мах,UL,1,5,5,7,8,Быстрый,100%,Глухая и Скольз. +1,,,"5,6",26,7196,,tele_10178_500,/uploads/rods/tele_10178_500.png,https://potryasovgame.ru/page113839636.html
Razor 600,Поплавочные,Razor,Мах,L,1,10,6,7,9,Быстрый,50%,Глухая и Скольз. +1,,,10,26,7207,,tele_10168_600,/uploads/rods/tele_10168_600.png,https://potryasovgame.ru/page113839636.html
Razor 500,Поплавочные,Razor,Мах,L,1,10,5,7,9,Быстрый,50%,Глухая и Скольз. +1,,,10,26,6851,,tele_10168_500,/uploads/rods/tele_10168_500.png,https://potryasovgame.ru/page113839636.html
Razor 400,Поплавочные,Razor,Мах,L,1,10,4,7,9,Быстрый,50%,Глухая и Скольз. +1,,,10,26,6614,,tele_10168_400,/uploads/rods/tele_10168_400.png,https://potryasovgame.ru/page113839636.html
Inferno 800,Поплавочные,Inferno,Мах,,2,18,8,3,7,Средний,,,,,25,24,8514,,tele_10167_800,/uploads/rods/tele_10167_800.png,https://potryasovgame.ru/page113839636.html
Inferno 700,Поплавочные,Inferno,Мах,,2,18,7,3,7,Средний,,,,,25,24,7793,,tele_10167_700,/uploads/rods/tele_10167_700.png,https://potryasovgame.ru/page113839636.html
Inferno 600,Поплавочные,Inferno,Мах,,2,18,6,3,7,Средний,,,,,25,24,7078,,tele_10167_600,/uploads/rods/tele_10167_600.png,https://potryasovgame.ru/page113839636.html
Inferno 500,Поплавочные,Inferno,Мах,,2,18,5,3,7,Средний,,,,,25,24,6485,,tele_10167_500,/uploads/rods/tele_10167_500.png,https://potryasovgame.ru/page113839636.html
Excellent pole 26,Поплавочные,Excellent,Мах,L,2,12,"7,9",3,5,Быстрый,50%,,,,"7,1",22,4199,,tele_10185_26,/uploads/rods/tele_10185_26.png,https://potryasovgame.ru/page113839636.html
Excellent pole 19,Поплавочные,Excellent,Мах,L,2,12,"5,8",3,5,Быстрый,50%,,,,"7,1",22,3899,,tele_10185_19,/uploads/rods/tele_10185_19.png,https://potryasovgame.ru/page113839636.html
Excellent pole 13,Поплавочные,Excellent,Мах,L,2,12,4,3,5,Быстрый,50%,,,,"7,1",22,3499,,tele_10185_13,/uploads/rods/tele_10185_13.png,https://potryasovgame.ru/page113839636.html
Crimson Star TL 800,Поплавочные,Crimson,Мах,,3,18,8,5,8,Быстрый,,Глухая и Скольз. +2,,,13,26,3988,,tele_10086_TL800,/uploads/rods/tele_10086_TL800.png,https://potryasovgame.ru/page113839636.html
Crimson Star TL 700,Поплавочные,Crimson,Мах,,3,18,7,5,8,Быстрый,,Глухая и Скольз. +2,,,13,26,3699,,tele_10086_TL700,/uploads/rods/tele_10086_TL700.png,https://potryasovgame.ru/page113839636.html
Crimson Star TL 600,Поплавочные,Crimson,Мах,,3,18,6,5,8,Быстрый,,Глухая и Скольз. +2,,,13,26,3543,,tele_10086_TL600,/uploads/rods/tele_10086_TL600.png,https://potryasovgame.ru/page113839636.html
Crimson Star TL 500,Поплавочные,Crimson,Мах,,3,18,5,5,8,Быстрый,,Глухая и Скольз. +2,,,13,26,3464,,tele_10086_TL500,/uploads/rods/tele_10086_TL500.png,https://potryasovgame.ru/page113839636.html
Falcon 800,Поплавочные,Falcon,Мах,,3,15,8,3,4,Медленный,,,,,"21,8",22,3689,,tele_10084_TL800,/uploads/rods/tele_10084_TL800.png,https://potryasovgame.ru/page113839636.html
Falcon 600,Поплавочные,Falcon,Мах,,3,15,6,3,4,Медленный,,,,,"21,8",22,3398,,tele_10084_TL600,/uploads/rods/tele_10084_TL600.png,https://potryasovgame.ru/page113839636.html
Falcon 400,Поплавочные,Falcon,Мах,,3,15,4,3,4,Медленный,,,,,"21,8",22,3101,,tele_10084_TL400,/uploads/rods/tele_10084_TL400.png,https://potryasovgame.ru/page113839636.html
Spirit 700,Поплавочные,Spirit,Мах,,2,18,7,3,6,Средний,,,5%,,18,22,3358,,tele_10166_700,/uploads/rods/tele_10166_700.png,https://potryasovgame.ru/page113839636.html
Spirit 600,Поплавочные,Spirit,Мах,,2,18,6,3,6,Средний,,,5%,,18,22,3145,,tele_10166_600,/uploads/rods/tele_10166_600.png,https://potryasovgame.ru/page113839636.html
Spirit 500,Поплавочные,Spirit,Мах,,2,18,5,3,6,Средний,,,5%,,18,22,3032,,tele_10166_500,/uploads/rods/tele_10166_500.png,https://potryasovgame.ru/page113839636.html
Expression 700,Поплавочные,Expression,Мах,UL,1,5,7,8,7,Быстрый,100%,,,,"4,5",24,3250,,tele_10177_TL700,/uploads/rods/tele_10177_TL700.png,https://potryasovgame.ru/page113839636.html
Expression 500,Поплавочные,Expression,Мах,UL,1,5,5,8,7,Быстрый,100%,,,,"4,5",24,2968,,tele_10177_TL500,/uploads/rods/tele_10177_TL500.png,https://potryasovgame.ru/page113839636.html
Windmaster TL 700,Поплавочные,Windmaster,Мах,L,2,12,7,7,8,Быстрый,50%,,,,"7,9",24,2631,,tele_10085_TL700,/uploads/rods/tele_10085_TL700.png,https://potryasovgame.ru/page113839636.html
Windmaster TL 500,Поплавочные,Windmaster,Мах,L,2,12,5,7,8,Быстрый,50%,,,,"7,9",24,2452,,tele_10085_TL500,/uploads/rods/tele_10085_TL500.png,https://potryasovgame.ru/page113839636.html
Ethnic Pole 8,Поплавочные,Ethnic,Мах,,2,18,8,5,7,Быстрый,,,,,14,20,1919,,tele_10099_EP8,/uploads/rods/tele_10099_EP8.png,https://potryasovgame.ru/page113839636.html
Ethnic Pole 6,Поплавочные,Ethnic,Мах,,2,18,6,5,7,Быстрый,,,,,14,20,1788,,tele_10099_EP6,/uploads/rods/tele_10099_EP6.png,https://potryasovgame.ru/page113839636.html
Ethnic Pole 4,Поплавочные,Ethnic,Мах,,2,18,4,5,7,Быстрый,,,,,14,20,1590,,tele_10099_EP4,/uploads/rods/tele_10099_EP4.png,https://potryasovgame.ru/page113839636.html
Heritage TL 700,Поплавочные,Heritage,Мах,,2,8,7,3,4,Средний,,Глухая +1,,,8,18,1596,,tele_10083_TL700,/uploads/rods/tele_10083_TL700.png,https://potryasovgame.ru/page113839636.html
Heritage TL 600,Поплавочные,Heritage,Мах,,2,8,6,3,4,Средний,,Глухая +1,,,8,18,1500,,tele_10083_TL600,/uploads/rods/tele_10083_TL600.png,https://potryasovgame.ru/page113839636.html
Heritage TL 500,Поплавочные,Heritage,Мах,,2,8,5,3,4,Средний,,Глухая и Скольз. +1,,,8,18,1424,,tele_10083_TL500,/uploads/rods/tele_10083_TL500.png,https://potryasovgame.ru/page113839636.html
Soul Pole 7,Поплавочные,Soul,Мах,UL,1,5,7,5,6,Быстрый,100%,,,,"3,5",18,1482,,tele_10175_7,/uploads/rods/tele_10175_7.png,https://potryasovgame.ru/page113839636.html
Soul Pole 5,Поплавочные,Soul,Мах,UL,1,5,5,5,6,Быстрый,100%,,,,"3,5",18,1340,,tele_10175_5,/uploads/rods/tele_10175_5.png,https://potryasovgame.ru/page113839636.html
Crystal Pole 7,Поплавочные,Crystal,Мах,L,2,10,7,5,7,Быстрый,50%,,,,6,18,1460,,tele_10174_7,/uploads/rods/tele_10174_7.png,https://potryasovgame.ru/page113839636.html
Crystal Pole 5,Поплавочные,Crystal,Мах,L,2,10,5,5,7,Быстрый,50%,,,,6,18,1319,,tele_10174_5,/uploads/rods/tele_10174_5.png,https://potryasovgame.ru/page113839636.html
Aurora Pole 7,Поплавочные,Aurora,Мах,,3,25,7,5,8,Быстрый,,,,,12,16,1370,,tele_10098_AP7,/uploads/rods/tele_10098_AP7.png,https://potryasovgame.ru/page113839636.html
Aurora Pole 5,Поплавочные,Aurora,Мах,,3,25,5,5,8,Быстрый,,,,,12,16,1262,,tele_10098_AP5,/uploads/rods/tele_10098_AP5.png,https://potryasovgame.ru/page113839636.html
Атаман UL8,Поплавочные,Атаман,Мах,UL,1,5,8,3,4,Средний,100%,,,,"3,1",14,1103,,tele_10179_8,/uploads/rods/tele_10179_8.png,https://potryasovgame.ru/page113839636.html
Атаман UL7,Поплавочные,Атаман,Мах,UL,1,5,7,3,4,Средний,100%,,,,"3,1",14,999,,tele_10179_7,/uploads/rods/tele_10179_7.png,https://potryasovgame.ru/page113839636.html
Атаман UL6,Поплавочные,Атаман,Мах,UL,1,5,6,3,4,Средний,100%,,,,"3,1",14,949,,tele_10179_6,/uploads/rods/tele_10179_6.png,https://potryasovgame.ru/page113839636.html
Атаман UL5,Поплавочные,Атаман,Мах,UL,1,5,5,3,4,Средний,100%,,,,"3,1",14,899,,tele_10179_5,/uploads/rods/tele_10179_5.png,https://potryasovgame.ru/page113839636.html
Атаман UL4,Поплавочные,Атаман,Мах,UL,1,5,4,3,4,Средний,100%,,,,"3,1",14,849,,tele_10179_4,/uploads/rods/tele_10179_4.png,https://potryasovgame.ru/page113839636.html
Атаман L8,Поплавочные,Атаман,Мах,L,2,10,8,3,5,Средний,50%,,,,5,14,1103,,tele_10180_8,/uploads/rods/tele_10180_8.png,https://potryasovgame.ru/page113839636.html
Атаман L7,Поплавочные,Атаман,Мах,L,2,10,7,3,5,Средний,50%,,,,5,14,999,,tele_10180_7,/uploads/rods/tele_10180_7.png,https://potryasovgame.ru/page113839636.html
Атаман L6,Поплавочные,Атаман,Мах,L,2,10,6,3,5,Средний,50%,,,,5,14,949,,tele_10180_6,/uploads/rods/tele_10180_6.png,https://potryasovgame.ru/page113839636.html
Атаман L5,Поплавочные,Атаман,Мах,L,2,10,5,3,5,Средний,50%,,,,5,14,899,,tele_10180_5,/uploads/rods/tele_10180_5.png,https://potryasovgame.ru/page113839636.html
Атаман L4,Поплавочные,Атаман,Мах,L,2,10,4,3,5,Средний,50%,,,,5,14,849,,tele_10180_4,/uploads/rods/tele_10180_4.png,https://potryasovgame.ru/page113839636.html
Model One T700,Поплавочные,Model,Мах,,7,80,7,6,7,Средний,,,,,"11,2",16,990,,tele_10040_t700,/uploads/rods/tele_10040_t700.png,https://potryasovgame.ru/page113839636.html
Рязанка БК8,Поплавочные,Рязанка,Мах,ML,2,25,8,2,4,Медленный,25%,,,,"9,1",8,998,,tele_10166_BK8,/uploads/rods/tele_10166_BK8.png,https://potryasovgame.ru/page113839636.html
Рязанка БК6,Поплавочные,Рязанка,Мах,ML,2,25,6,2,4,Медленный,25%,,,,"9,1",8,948,,tele_10166,/uploads/rods/tele_10166.png,https://potryasovgame.ru/page113839636.html
Рязанка БК4,Поплавочные,Рязанка,Мах,ML,2,25,4,2,4,Медленный,25%,,,,"9,1",8,898,,tele_10166_BK4,/uploads/rods/tele_10166_BK4.png,https://potryasovgame.ru/page113839636.html
White Pole 6,Поплавочные,White,Мах,,3,20,6,4,6,Быстрый,,,,,"10,5",14,949,,tele_10097_WP6,/uploads/rods/tele_10097_WP6.png,https://potryasovgame.ru/page113839636.html
White Pole 4,Поплавочные,White,Мах,,3,20,4,4,6,Быстрый,,,,,"10,5",14,859,,tele_10097_WP4,/uploads/rods/tele_10097_WP4.png,https://potryasovgame.ru/page113839636.html
Mechta Telescopic 8,Поплавочные,Mechta,Мах,,1,30,8,3,7,Быстрый,,,,,"10,5",14,879,,tele_10114_8,/uploads/rods/tele_10114_8.png,https://potryasovgame.ru/page113839636.html
Mechta Telescopic 6,Поплавочные,Mechta,Мах,,1,30,6,3,7,Быстрый,,,,,"10,5",14,799,,tele_10114_6,/uploads/rods/tele_10114_6.png,https://potryasovgame.ru/page113839636.html
Model Two T800,Поплавочные,Model,Мах,,8,60,8,5,7,Средний,,,,,"9,4",14,778,,tele_10039_t800,/uploads/rods/tele_10039_t800.png,https://potryasovgame.ru/page113839636.html
Model Two T700,Поплавочные,Model,Мах,,8,60,7,5,7,Средний,,,,,"9,4",14,708,,tele_10039_t700,/uploads/rods/tele_10039_t700.png,https://potryasovgame.ru/page113839636.html
Model Two T600,Поплавочные,Model,Мах,,8,60,6,5,7,Средний,,,,,"9,4",14,689,,tele_10039_t600,/uploads/rods/tele_10039_t600.png,https://potryasovgame.ru/page113839636.html
Model Two T500,Поплавочные,Model,Мах,,8,60,5,5,7,Средний,,,,,"9,4",14,675,,tele_10039_t500,/uploads/rods/tele_10039_t500.png,https://potryasovgame.ru/page113839636.html
Trophy T600,Поплавочные,Trophy,Мах,UL,1,6,6,4,6,Быстрый,100%,,,,"2,6",12,589,,tele_10173_T600,/uploads/rods/tele_10173_T600.png,https://potryasovgame.ru/page113839636.html
Trophy T400,Поплавочные,Trophy,Мах,UL,1,6,4,4,6,Быстрый,100%,,,,"2,6",12,539,,tele_10173_T400,/uploads/rods/tele_10173_T400.png,https://potryasovgame.ru/page113839636.html
Genius T700,Поплавочные,Genius,Мах,ML,3,24,7,4,5,Быстрый,25%,,,,"4,9",12,489,,tele_10038_t700,/uploads/rods/tele_10038_t700.png,https://potryasovgame.ru/page113839636.html
Genius T500,Поплавочные,Genius,Мах,ML,3,24,5,4,5,Быстрый,25%,,,,"4,9",12,454,,tele_10038_t500,/uploads/rods/tele_10038_t500.png,https://potryasovgame.ru/page113839636.html
Ultra Telescopic 7,Поплавочные,Ultra,Мах,UL,1,5,7,3,6,Быстрый,100%,,,,"2,2",10,429,,tele_10176_7,/uploads/rods/tele_10176_7.png,https://potryasovgame.ru/page113839636.html
Ultra Telescopic 6,Поплавочные,Ultra,Мах,UL,1,5,6,3,6,Быстрый,100%,,,,"2,2",10,419,,tele_10176_6,/uploads/rods/tele_10176_6.png,https://potryasovgame.ru/page113839636.html
Ultra Telescopic 5,Поплавочные,Ultra,Мах,UL,1,5,5,3,6,Быстрый,100%,,,,"2,2",10,399,,tele_10176_5,/uploads/rods/tele_10176_5.png,https://potryasovgame.ru/page113839636.html
Ultra Telescopic 4,Поплавочные,Ultra,Мах,UL,1,5,4,3,6,Быстрый,100%,,,,"2,2",10,389,,tele_10176_4,/uploads/rods/tele_10176_4.png,https://potryasovgame.ru/page113839636.html
Linear Telescopic 26,Поплавочные,Linear,Мах,,4,40,8,2,4,Средний,,,,,"8,7",10,394,,tele_10037_t26,/uploads/rods/tele_10037_t26.png,https://potryasovgame.ru/page113839636.html
Linear Telescopic 20,Поплавочные,Linear,Мах,,4,40,6,2,4,Средний,,,,,"8,7",10,378,,tele_10037_t20,/uploads/rods/tele_10037_t20.png,https://potryasovgame.ru/page113839636.html
Linear Telescopic 13,Поплавочные,Linear,Мах,,4,40,4,2,4,Средний,,,,,"8,7",10,349,,tele_10037_t13,/uploads/rods/tele_10037_t13.png,https://potryasovgame.ru/page113839636.html
Belmor Pole 7,Поплавочные,Belmor,Мах,,5,25,7,2,5,Средний,,,,,"8,6",10,369,,tele_10096_BP7,/uploads/rods/tele_10096_BP7.png,https://potryasovgame.ru/page113839636.html
Belmor Pole 5,Поплавочные,Belmor,Мах,,5,25,5,2,5,Средний,,,,,"8,6",10,339,,tele_10096_BP5,/uploads/rods/tele_10096_BP5.png,https://potryasovgame.ru/page113839636.html
RedStick RS23,Поплавочные,RedStick,Мах,,2,16,7,3,5,Медленный,,,,,8,8,285,,tele_10050_RS23,/uploads/rods/tele_10050_RS23.png,https://potryasovgame.ru/page113839636.html
RedStick RS16,Поплавочные,RedStick,Мах,,2,16,5,3,5,Медленный,,,,,8,8,266,,tele_10050_RS16,/uploads/rods/tele_10050_RS16.png,https://potryasovgame.ru/page113839636.html
Kontakt Telescopic 7,Поплавочные,Kontakt,Мах,,2,40,7,1,5,Быстрый,,,,,7,7,219,,tele_10113_7,/uploads/rods/tele_10113_7.png,https://potryasovgame.ru/page113839636.html
Kontakt Telescopic 6,Поплавочные,Kontakt,Мах,,2,40,6,1,5,Быстрый,,,,,7,7,199,,tele_10113_6,/uploads/rods/tele_10113_6.png,https://potryasovgame.ru/page113839636.html
Kontakt Telescopic 5,Поплавочные,Kontakt,Мах,,2,40,5,1,5,Быстрый,,,,,7,7,184,,tele_10113_5,/uploads/rods/tele_10113_5.png,https://potryasovgame.ru/page113839636.html
WalrusStick WS26,Поплавочные,WalrusStick,Мах,,3,20,8,1,2,Медленный,,,,,"7,4",6,175,,tele_10049_WS26,/uploads/rods/tele_10049_WS26.png,https://potryasovgame.ru/page113839636.html
WalrusStick WS20,Поплавочные,WalrusStick,Мах,,3,20,6,1,2,Медленный,,,,,"7,4",6,168,,tele_10049_WS20,/uploads/rods/tele_10049_WS20.png,https://potryasovgame.ru/page113839636.html
WalrusStick WS13,Поплавочные,WalrusStick,Мах,,3,20,4,1,2,Медленный,,,,,"7,4",6,159,,tele_10049_WS13,/uploads/rods/tele_10049_WS13.png,https://potryasovgame.ru/page113839636.html
Удочка из орешника,Поплавочные,Удочка,Мах,,3,30,4,0,2,Медленный,,,,,"6,5",3,"89,8",,pomor_rod_4o,/uploads/rods/pomor_rod_4o.png,https://potryasovgame.ru/page113839636.html
StarlingStick SS20,Поплавочные,StarlingStick,Мах,,3,25,6,0,0,Медленный,,,,,"6,1",3,68,,tele_10048_SS20,/uploads/rods/tele_10048_SS20.png,https://potryasovgame.ru/page113839636.html
StarlingStick SS13,Поплавочные,StarlingStick,Мах,,3,25,4,0,0,Медленный,,,,,"6,1",3,58,,tele_10048_SS13,/uploads/rods/tele_10048_SS13.png,https://potryasovgame.ru/page113839636.html
Comfort Telescopic 7,Поплавочные,Comfort,Мах,,1,50,7,0,0,Медленный,,,,,"5,5",3,"48,8",,tele_10112_7,/uploads/rods/tele_10112_7.png,https://potryasovgame.ru/page113839636.html
Comfort Telescopic 6,Поплавочные,Comfort,Мах,,1,50,6,0,0,Медленный,,,,,"5,5",3,"45,8",,tele_10112_6,/uploads/rods/tele_10112_6.png,https://potryasovgame.ru/page113839636.html
Comfort Telescopic 5,Поплавочные,Comfort,Мах,,1,50,5,0,0,Медленный,,,,,"5,5",3,"44,8",,tele_10112_5,/uploads/rods/tele_10112_5.png,https://potryasovgame.ru/page113839636.html
Comfort Telescopic 4,Поплавочные,Comfort,Мах,,1,50,4,0,0,Медленный,,,,,"5,5",3,"44,8",,tele_10112_4,/uploads/rods/tele_10112_4.png,https://potryasovgame.ru/page113839636.html
TeleStick TL20,Поплавочные,TeleStick,Мах,,5,35,6,0,0,Медленный,,,,,4,1,31,,tele_10012_tl20,/uploads/rods/tele_10012_tl20.png,https://potryasovgame.ru/page113839636.html
TeleStick TL16,Поплавочные,TeleStick,Мах,,5,35,"4,8",0,0,Медленный,,,,,4,1,25,,tele_10012_tl16,/uploads/rods/tele_10012_tl16.png,https://potryasovgame.ru/page113839636.html
TeleStick TL13,Поплавочные,TeleStick,Мах,,5,35,"3,9",0,0,Медленный,,,,,4,1,19,,tele_10012_tl13,/uploads/rods/tele_10012_tl13.png,https://potryasovgame.ru/page113839636.html
Master Bolognese 800,Поплавочные,Master,Болонка,,2,18,8,5,9,Средний,,Болонская +3,,,17,28,13296,,bolo_10173_800,/uploads/rods/bolo_10173_800.png,https://potryasovgame.ru/page113839636.html
Master Bolognese 700,Поплавочные,Master,Болонка,,2,18,7,5,9,Средний,,Болонская +3,,,17,28,12382,,bolo_10173_700,/uploads/rods/bolo_10173_700.png,https://potryasovgame.ru/page113839636.html
Master Bolognese 600,Поплавочные,Master,Болонка,,2,18,6,5,9,Средний,,Болонская +3,,,17,28,11407,,bolo_10173_600,/uploads/rods/bolo_10173_600.png,https://potryasovgame.ru/page113839636.html
Master Bolognese 500,Поплавочные,Master,Болонка,,2,18,5,5,9,Средний,,Болонская +3,,,17,28,10914,,bolo_10173_500,/uploads/rods/bolo_10173_500.png,https://potryasovgame.ru/page113839636.html
Razor Bolognese 600,Поплавочные,Razor,Болонка,L,1,10,6,7,9,Быстрый,50%,Болонская +2,,,10,26,7924,,bolo_10172_600,/uploads/rods/bolo_10172_600.png,https://potryasovgame.ru/page113839636.html
Razor Bolognese 500,Поплавочные,Razor,Болонка,L,1,10,5,7,9,Быстрый,50%,Болонская +2,,,10,26,7684,,bolo_10172_500,/uploads/rods/bolo_10172_500.png,https://potryasovgame.ru/page113839636.html
Razor Bolognese 400,Поплавочные,Razor,Болонка,L,1,10,4,7,9,Быстрый,50%,Болонская +2,,,10,26,7445,,bolo_10172_400,/uploads/rods/bolo_10172_400.png,https://potryasovgame.ru/page113839636.html
Inferno Bolognese 800,Поплавочные,Inferno,Болонка,,2,18,8,3,7,Средний,,,,,25,24,9280,,bolo_10171_800,/uploads/rods/bolo_10171_800.png,https://potryasovgame.ru/page113839636.html
Inferno Bolognese 700,Поплавочные,Inferno,Болонка,,2,18,7,3,7,Средний,,,,,25,24,8634,,bolo_10171_700,/uploads/rods/bolo_10171_700.png,https://potryasovgame.ru/page113839636.html
Inferno Bolognese 600,Поплавочные,Inferno,Болонка,,2,18,6,3,7,Средний,,,,,25,24,7913,,bolo_10171_600,/uploads/rods/bolo_10171_600.png,https://potryasovgame.ru/page113839636.html
Inferno Bolognese 500,Поплавочные,Inferno,Болонка,,2,18,5,3,7,Средний,,,,,25,24,7196,,bolo_10171_500,/uploads/rods/bolo_10171_500.png,https://potryasovgame.ru/page113839636.html
Rebellion BL 800,Поплавочные,Rebellion,Болонка,,3,18,8,7,9,Средний,,Болонская +1,10%,,"10,5",28,5500,,bolo_10073_BL800,/uploads/rods/bolo_10073_BL800.png,https://potryasovgame.ru/page113839636.html
Rebellion BL 600,Поплавочные,Rebellion,Болонка,,3,18,6,7,9,Средний,,Болонская +1,10%,,"10,5",28,5071,,bolo_10073_BL600,/uploads/rods/bolo_10073_BL600.png,https://potryasovgame.ru/page113839636.html
Crimson Star BL 800,Поплавочные,Crimson,Болонка,,4,20,8,5,8,Быстрый,,Болонская +2,,,13,26,4789,,bolo_10072_BL800,/uploads/rods/bolo_10072_BL800.png,https://potryasovgame.ru/page113839636.html
Crimson Star BL 700,Поплавочные,Crimson,Болонка,,4,20,7,5,8,Быстрый,,Болонская +2,,,13,26,4596,,bolo_10072_BL700,/uploads/rods/bolo_10072_BL700.png,https://potryasovgame.ru/page113839636.html
Crimson Star BL 600,Поплавочные,Crimson,Болонка,,4,20,6,5,8,Быстрый,,Болонская +2,,,13,26,4469,,bolo_10072_BL600,/uploads/rods/bolo_10072_BL600.png,https://potryasovgame.ru/page113839636.html
Crimson Star BL 500,Поплавочные,Crimson,Болонка,,4,20,5,5,8,Быстрый,,Болонская +2,,,13,26,4262,,bolo_10072_BL500,/uploads/rods/bolo_10072_BL500.png,https://potryasovgame.ru/page113839636.html
Falcon BL 700,Поплавочные,Falcon,Болонка,,4,20,7,3,4,Средний,,,,,"20,7",22,4294,,bolo_10070_BL700,/uploads/rods/bolo_10070_BL700.png,https://potryasovgame.ru/page113839636.html
Falcon BL 600,Поплавочные,Falcon,Болонка,,4,20,6,3,4,Средний,,,,,"20,7",22,3851,,bolo_10070_BL600,/uploads/rods/bolo_10070_BL600.png,https://potryasovgame.ru/page113839636.html
Falcon BL 400,Поплавочные,Falcon,Болонка,,4,20,4,3,4,Средний,,,,,"20,7",22,3691,,bolo_10070_BL400,/uploads/rods/bolo_10070_BL400.png,https://potryasovgame.ru/page113839636.html
Spirit Bolognese 700,Поплавочные,Spirit,Болонка,,2,18,7,3,6,Средний,,,5%,,18,22,3827,,bolo_10170_700,/uploads/rods/bolo_10170_700.png,https://potryasovgame.ru/page113839636.html
Spirit Bolognese 600,Поплавочные,Spirit,Болонка,,2,18,6,3,6,Средний,,,5%,,18,22,3782,,bolo_10170_600,/uploads/rods/bolo_10170_600.png,https://potryasovgame.ru/page113839636.html
Spirit Bolognese 500,Поплавочные,Spirit,Болонка,,2,18,5,3,6,Средний,,,5%,,18,22,3679,,bolo_10170_500,/uploads/rods/bolo_10170_500.png,https://potryasovgame.ru/page113839636.html
Windmaster BL 800,Поплавочные,Windmaster,Болонка,L,3,15,8,7,8,Быстрый,50%,Болонская +1,,,"7,9",24,3194,,bolo_10071_BL800,/uploads/rods/bolo_10071_BL800.png,https://potryasovgame.ru/page113839636.html
Windmaster BL 700,Поплавочные,Windmaster,Болонка,L,3,15,7,7,8,Быстрый,50%,Болонская +1,,,"7,9",24,3006,,bolo_10071_BL700,/uploads/rods/bolo_10071_BL700.png,https://potryasovgame.ru/page113839636.html
Windmaster BL 500,Поплавочные,Windmaster,Болонка,L,3,15,5,7,8,Быстрый,50%,Болонская +1,,,"7,9",24,2899,,bolo_10071_BL500,/uploads/rods/bolo_10071_BL500.png,https://potryasovgame.ru/page113839636.html
Heritage BL 700,Поплавочные,Heritage,Болонка,,4,20,7,3,4,Средний,,Болонская +1,,,8,18,1960,,bolo_10069_BL700,/uploads/rods/bolo_10069_BL700.png,https://potryasovgame.ru/page113839636.html
Heritage BL 600,Поплавочные,Heritage,Болонка,,4,20,6,3,4,Средний,,Болонская +1,,,8,18,1864,,bolo_10069_BL600,/uploads/rods/bolo_10069_BL600.png,https://potryasovgame.ru/page113839636.html
Heritage BL 500,Поплавочные,Heritage,Болонка,,4,20,5,3,4,Средний,,Болонская +1,,,8,18,1799,,bolo_10069_BL500,/uploads/rods/bolo_10069_BL500.png,https://potryasovgame.ru/page113839636.html
Ethnic Bolognese 8,Поплавочные,Ethnic,Болонка,,4,30,8,5,7,Быстрый,,,,,14,20,2128,,bolo_10100_EB8,/uploads/rods/bolo_10100_EB8.png,https://potryasovgame.ru/page113839636.html
Ethnic Bolognese 6,Поплавочные,Ethnic,Болонка,,4,30,6,5,7,Быстрый,,,,,14,20,1919,,bolo_10100_EB6,/uploads/rods/bolo_10100_EB6.png,https://potryasovgame.ru/page113839636.html
Ethnic Bolognese 4,Поплавочные,Ethnic,Болонка,,4,30,4,5,7,Быстрый,,,,,14,20,1798,,bolo_10100_EB4,/uploads/rods/bolo_10100_EB4.png,https://potryasovgame.ru/page113839636.html
Model One Bolognese 700,Поплавочные,Model,Болонка,,4,25,7,3,5,Быстрый,,,,,"10,3",16,1460,,bolo_10024_700,/uploads/rods/bolo_10024_700.png,https://potryasovgame.ru/page113839636.html
Model One Bolognese 500,Поплавочные,Model,Болонка,,4,25,5,3,5,Быстрый,,,,,"10,3",16,1277,,bolo_10024_500,/uploads/rods/bolo_10024_500.png,https://potryasovgame.ru/page113839636.html
Mechta Bolognese 7,Поплавочные,Mechta,Болонка,,5,35,7,4,5,Быстрый,,,,,"10,5",14,1099,,bolo_10115_7,/uploads/rods/bolo_10115_7.png,https://potryasovgame.ru/page113839636.html
Mechta Bolognese 6,Поплавочные,Mechta,Болонка,,5,35,6,4,5,Быстрый,,,,,"10,5",14,1077,,bolo_10115_6,/uploads/rods/bolo_10115_6.png,https://potryasovgame.ru/page113839636.html
Mechta Bolognese 5,Поплавочные,Mechta,Болонка,,5,35,5,4,5,Быстрый,,,,,"10,5",14,980,,bolo_10115_5,/uploads/rods/bolo_10115_5.png,https://potryasovgame.ru/page113839636.html
Рязанка СК6,Поплавочные,Рязанка,Болонка,,4,30,6,2,4,Медленный,,,,,"9,1",8,995,,bolo_10167,/uploads/rods/bolo_10167.png,https://potryasovgame.ru/page113839636.html
Fortuna Bolognese 700,Поплавочные,Fortuna,Болонка,,3,20,7,5,6,Быстрый,,Болонская +1,,,"4,7",14,899,,bolo_10023_700,/uploads/rods/bolo_10023_700.png,https://potryasovgame.ru/page113839636.html
Fortuna Bolognese 600,Поплавочные,Fortuna,Болонка,,3,20,6,5,6,Быстрый,,Болонская +1,,,"4,7",14,859,,bolo_10023_600,/uploads/rods/bolo_10023_600.png,https://potryasovgame.ru/page113839636.html
Fortuna Bolognese 500,Поплавочные,Fortuna,Болонка,,3,20,5,5,6,Быстрый,,Болонская +1,,,"4,7",14,817,,bolo_10023_500,/uploads/rods/bolo_10023_500.png,https://potryasovgame.ru/page113839636.html
Genius Bolognese 600,Поплавочные,Genius,Болонка,ML,3,24,6,4,5,Быстрый,25%,,,,"4,9",12,685,,bolo_10022_LB600,/uploads/rods/bolo_10022_LB600.png,https://potryasovgame.ru/page113839636.html
Genius Bolognese 400,Поплавочные,Genius,Болонка,ML,3,24,4,4,5,Быстрый,25%,,,,"4,9",12,642,,bolo_10022_LB400,/uploads/rods/bolo_10022_LB400.png,https://potryasovgame.ru/page113839636.html
Linear Bolognese 700,Поплавочные,Linear,Болонка,,5,35,7,2,5,Быстрый,,,,,"8,1",10,511,,bolo_10021_LB700,/uploads/rods/bolo_10021_LB700.png,https://potryasovgame.ru/page113839636.html
Linear Bolognese 600,Поплавочные,Linear,Болонка,,5,35,6,2,5,Быстрый,,,,,"8,1",10,490,,bolo_10021_LB600,/uploads/rods/bolo_10021_LB600.png,https://potryasovgame.ru/page113839636.html
Linear Bolognese 500,Поплавочные,Linear,Болонка,,5,35,5,2,5,Быстрый,,,,,"8,1",10,477,,bolo_10021_LB500,/uploads/rods/bolo_10021_LB500.png,https://potryasovgame.ru/page113839636.html
Linear Bolognese 400,Поплавочные,Linear,Болонка,,5,35,4,2,5,Быстрый,,,,,"8,1",10,455,,bolo_10021_LB400,/uploads/rods/bolo_10021_LB400.png,https://potryasovgame.ru/page113839636.html
KingMaster Bolognese KB26,Поплавочные,KingMaster,Болонка,,5,40,8,4,6,Быстрый,,,,,"6,2",8,385,,bolo_10046_KB26,/uploads/rods/bolo_10046_KB26.png,https://potryasovgame.ru/page113839636.html
KingMaster Bolognese KB20,Поплавочные,KingMaster,Болонка,,5,40,6,4,6,Быстрый,,,,,"6,2",8,364,,bolo_10046_KB20,/uploads/rods/bolo_10046_KB20.png,https://potryasovgame.ru/page113839636.html
KingMaster Bolognese KB16,Поплавочные,KingMaster,Болонка,,5,40,5,4,6,Быстрый,,,,,"6,2",8,352,,bolo_10046_KB16,/uploads/rods/bolo_10046_KB16.png,https://potryasovgame.ru/page113839636.html
S-Eagle Bolognese SB25,Поплавочные,S-Eagle,Болонка,,3,35,"7,5",2,4,Средний,,,,,"6,2",6,199,,bolo_10045_SB25,/uploads/rods/bolo_10045_SB25.png,https://potryasovgame.ru/page113839636.html
S-Eagle Bolognese SB20,Поплавочные,S-Eagle,Болонка,,3,35,6,2,4,Средний,,,,,"6,2",6,184,,bolo_10045_SB20,/uploads/rods/bolo_10045_SB20.png,https://potryasovgame.ru/page113839636.html
S-Eagle Bolognese SB15,Поплавочные,S-Eagle,Болонка,,3,35,"4,5",2,4,Средний,,,,,"6,2",6,175,,bolo_10045_SB15,/uploads/rods/bolo_10045_SB15.png,https://potryasovgame.ru/page113839636.html
Siren Bolognese SB20,Поплавочные,Siren,Болонка,,4,40,6,1,3,Средний,,,,,"5,3",3,148,,bolo_10044_SB20,/uploads/rods/bolo_10044_SB20.png,https://potryasovgame.ru/page113839636.html
Siren Bolognese SB13,Поплавочные,Siren,Болонка,,4,40,4,1,3,Средний,,,,,"5,3",3,133,,bolo_10044_SB13,/uploads/rods/bolo_10044_SB13.png,https://potryasovgame.ru/page113839636.html
Sensiv Bolognese II SB23,Поплавочные,Sensiv,Болонка,,5,20,7,0,1,Медленный,,,,,"3,8",1,71,,bolo_10043n_SB23,/uploads/rods/bolo_10043n_SB23.png,https://potryasovgame.ru/page113839636.html
Sensiv Bolognese II SB16,Поплавочные,Sensiv,Болонка,,5,20,5,0,1,Медленный,,,,,"3,8",1,65,,bolo_10043n_SB16,/uploads/rods/bolo_10043n_SB16.png,https://potryasovgame.ru/page113839636.html
Sensiv Bolognese II SB13,Поплавочные,Sensiv,Болонка,,5,20,4,0,1,Медленный,,,,,"3,8",1,59,,bolo_10043n_SB13,/uploads/rods/bolo_10043n_SB13.png,https://potryasovgame.ru/page113839636.html
Monster Match 440,Поплавочные,Monster,Матч,,12,60,"4,4",3,6,Быстрый,,Матч и Волос. +3,,,65,32,15900,,match_10177_440,/uploads/rods/match_10177_440.png,https://potryasovgame.ru/page113839636.html
Monster Match 400,Поплавочные,Monster,Матч,,7,49,4,4,5,Быстрый,,Матч и Волос. +3,,,58,32,14065,,match_10177_400,/uploads/rods/match_10177_400.png,https://potryasovgame.ru/page113839636.html
Monster Match 360,Поплавочные,Monster,Матч,,6,42,"3,6",4,5,Быстрый,,Матч и Волос. +3,,,50,32,11568,,match_10177_360,/uploads/rods/match_10177_360.png,https://potryasovgame.ru/page113839636.html
Monster Match 320,Поплавочные,Monster,Матч,ML,"4,5",28,"3,2",4,5,Быстрый,25%,Матч и Волос. +3,,,"31,5",30,11197,,match_10177_320,/uploads/rods/match_10177_320.png,https://potryasovgame.ru/page113839636.html
Plasma Match 420,Поплавочные,Plasma,Матч,,8,56,"4,2",3,4,Средний,,Матч и Волос. +1,5%,,54,30,7994,,match_10176_420,/uploads/rods/match_10176_420.png,https://potryasovgame.ru/page113839636.html
Plasma Match 380,Поплавочные,Plasma,Матч,,5,45,"3,8",3,4,Средний,,Матч и Волос. +1,5%,,46,30,7684,,match_10176_380,/uploads/rods/match_10176_380.png,https://potryasovgame.ru/page113839636.html
Plasma Match 340,Поплавочные,Plasma,Матч,ML,4,28,"3,4",3,3,Средний,25%,Матч и Волос. +1,5%,,34,30,7326,,match_10176_340,/uploads/rods/match_10176_340.png,https://potryasovgame.ru/page113839636.html
Plasma Match 320,Поплавочные,Plasma,Матч,L,3,21,"3,2",3,3,Средний,50%,Матч и Волос. +1,5%,,22,28,7326,,match_10176_320,/uploads/rods/match_10176_320.png,https://potryasovgame.ru/page113839636.html
Shooting Match 450,Поплавочные,Shooting,Матч,,30,250,"4,5",2,5,Медленный,,,,10%,58,28,6601,,match_10175_450,/uploads/rods/match_10175_450.png,https://potryasovgame.ru/page113839636.html
Shooting Match 420,Поплавочные,Shooting,Матч,,5,50,"4,2",2,2,Медленный,,,,10%,52,28,6247,,match_10175_420,/uploads/rods/match_10175_420.png,https://potryasovgame.ru/page113839636.html
Raven Match 360,Поплавочные,Raven,Матч,,12,54,"3,6",3,4,Средний,,Удилище +2,5%,,40,28,5557,,match_10174_360,/uploads/rods/match_10174_360.png,https://potryasovgame.ru/page113839636.html
Raven Match 340,Поплавочные,Raven,Матч,,5,35,"3,4",3,3,Средний,,Удилище +2,5%,,36,28,5557,,match_10174_340,/uploads/rods/match_10174_340.png,https://potryasovgame.ru/page113839636.html
Raven Match 320,Поплавочные,Raven,Матч,L,2,8,"3,2",3,3,Средний,50%,Удилище +2,5%,,18,28,5440,,match_10174_320,/uploads/rods/match_10174_320.png,https://potryasovgame.ru/page113839636.html
Rebellion Match 450LC,Поплавочные,Rebellion,Матч,,8,42,"4,5",7,7,Средний,,Матч и Волос. +2,,10%,35,28,5987,,match_10078_450LC,/uploads/rods/match_10078_450LC.png,https://potryasovgame.ru/page113839636.html
Rebellion Match 420H,Поплавочные,Rebellion,Матч,,12,60,"4,2",3,6,Быстрый,,Матч и Волос. +2,5%,,41,28,5395,,match_10078_420H,/uploads/rods/match_10078_420H.png,https://potryasovgame.ru/page113839636.html
Rebellion Match 390H,Поплавочные,Rebellion,Матч,,12,60,"3,9",3,6,Быстрый,,Матч и Волос. +2,5%,,"41,2",28,5198,,match_10078_390H,/uploads/rods/match_10078_390H.png,https://potryasovgame.ru/page113839636.html
Falcon Match 390XH,Поплавочные,Falcon,Матч,,30,250,"3,9",2,7,Средний,,,,,"44,1",26,4597,,match_10076_390XH,/uploads/rods/match_10076_390XH.png,https://potryasovgame.ru/page113839636.html
Falcon Match 390,Поплавочные,Falcon,Матч,,10,55,"3,9",3,5,Быстрый,,,,,"42,6",26,4489,,match_10076_390,/uploads/rods/match_10076_390.png,https://potryasovgame.ru/page113839636.html
Falcon Match 360,Поплавочные,Falcon,Матч,,10,55,"3,6",3,5,Быстрый,,,,,"42,6",26,4263,,match_10076_360,/uploads/rods/match_10076_360.png,https://potryasovgame.ru/page113839636.html
Borray Match 450,Поплавочные,Borray,Матч,,7,49,"4,5",6,5,Быстрый,,Удилище +2,,,"23,9",26,3975,,match_10077_450,/uploads/rods/match_10077_450.png,https://potryasovgame.ru/page113839636.html
Borray Match 420,Поплавочные,Borray,Матч,,7,49,"4,2",5,5,Быстрый,,Удилище +2,,,"23,9",26,3692,,match_10077_420,/uploads/rods/match_10077_420.png,https://potryasovgame.ru/page113839636.html
Borray Match 390,Поплавочные,Borray,Матч,ML,4,21,"3,6",5,5,Быстрый,25%,Удилище +2,,,"14,2",26,3509,,match_10077_390,/uploads/rods/match_10077_390.png,https://potryasovgame.ru/page113839636.html
Elementary Match 420,Поплавочные,Elementary,Матч,,5,35,"4,2",3,5,Быстрый,,,,,"19,5",20,2025,,match_10074_420,/uploads/rods/match_10074_420.png,https://potryasovgame.ru/page113839636.html
Elementary Match 390,Поплавочные,Elementary,Матч,,5,35,"3,9",3,5,Быстрый,,,,,"19,5",20,1970,,match_10074_390,/uploads/rods/match_10074_390.png,https://potryasovgame.ru/page113839636.html
Ethnic Match 420H,Поплавочные,Ethnic,Матч,,12,45,"4,2",4,6,Средний,,,,,20,20,2117,,match_10102_420H,/uploads/rods/match_10102_420H.png,https://potryasovgame.ru/page113839636.html
Ethnic Match 380MH,Поплавочные,Ethnic,Матч,,6,30,"3,8",4,5,Средний,,,,,18,20,2008,,match_10102_380MH,/uploads/rods/match_10102_380MH.png,https://potryasovgame.ru/page113839636.html
Ethnic Match 340MH,Поплавочные,Ethnic,Матч,,6,30,"3,4",4,5,Средний,,,,,18,20,1898,,match_10102_340MH,/uploads/rods/match_10102_340MH.png,https://potryasovgame.ru/page113839636.html
Model One Match M140XH,Поплавочные,Model,Матч,,24,245,"4,2",3,8,Быстрый,,,,,"16,9",18,1630,,match_10028_M140XH,/uploads/rods/match_10028_M140XH.png,https://potryasovgame.ru/page113839636.html
Model One Match M140MH,Поплавочные,Model,Матч,,7,35,"4,2",5,5,Средний,,,,,"16,2",18,1581,,match_10028_M140MH,/uploads/rods/match_10028_M140MH.png,https://potryasovgame.ru/page113839636.html
Sport Match 4.4,Поплавочные,Sport,Матч,ML,3,14,"4,4",4,8,Быстрый,25%,,,,14,14,1370,,match_10118_4_4,/uploads/rods/match_10118_4_4.png,https://potryasovgame.ru/page113839636.html
Sport Match 3.9,Поплавочные,Sport,Матч,ML,3,14,"3,9",4,8,Быстрый,25%,,,,14,14,1348,,match_10118_3_9,/uploads/rods/match_10118_3_9.png,https://potryasovgame.ru/page113839636.html
Sport Match 3.6,Поплавочные,Sport,Матч,ML,3,14,"3,6",4,8,Быстрый,25%,,,,14,14,1304,,match_10118_3_6,/uploads/rods/match_10118_3_6.png,https://potryasovgame.ru/page113839636.html
Sport Match 3.3,Поплавочные,Sport,Матч,ML,3,14,"3,3",4,8,Быстрый,25%,,,,14,14,1261,,match_10118_3_3,/uploads/rods/match_10118_3_3.png,https://potryasovgame.ru/page113839636.html
Katapulta 4.2,Поплавочные,Katapulta,Матч,,25,275,"4,2",1,6,Медленный,,,,,16,14,1153,,match_10117_4_2,/uploads/rods/match_10117_4_2.png,https://potryasovgame.ru/page113839636.html
Fortuna Match M140MH,Поплавочные,Fortuna,Матч,,7,32,"4,2",3,4,Средний,,,,,"16,7",16,1211,,match_10027_M140MH,/uploads/rods/match_10027_M140MH.png,https://potryasovgame.ru/page113839636.html
Fortuna Match M130ML,Поплавочные,Fortuna,Матч,ML,5,18,"3,9",3,5,Быстрый,25%,,,,13,16,1147,,match_10027_M130ML,/uploads/rods/match_10027_M130ML.png,https://potryasovgame.ru/page113839636.html
Karelia Match 380MH,Поплавочные,Karelia,Матч,,7,35,"3,8",4,5,Средний,,,,,14,12,999,,match_10101_380MH,/uploads/rods/match_10101_380MH.png,https://potryasovgame.ru/page113839636.html
Karelia Match 360M,Поплавочные,Karelia,Матч,,5,30,"3,6",4,5,Средний,,,,,13,12,979,,match_10101_360M,/uploads/rods/match_10101_360M.png,https://potryasovgame.ru/page113839636.html
Karelia Match 320M,Поплавочные,Karelia,Матч,,5,30,"3,2",4,5,Средний,,,,,13,12,950,,match_10101_320M,/uploads/rods/match_10101_320M.png,https://potryasovgame.ru/page113839636.html
Vertigo Match M150MH,Поплавочные,Vertigo,Матч,,7,35,"4,5",4,5,Средний,,,,,"12,6",8,917,,match_10025_M150MH,/uploads/rods/match_10025_M150MH.png,https://potryasovgame.ru/page113839636.html
Vertigo Match M140H,Поплавочные,Vertigo,Матч,,10,40,"4,2",4,5,Быстрый,,,,,"12,4",8,895,,match_10025_M140H,/uploads/rods/match_10025_M140H.png,https://potryasovgame.ru/page113839636.html
Vertigo Match M140H,Поплавочные,Vertigo,Матч,,10,40,"3,9",4,5,Быстрый,,,,,"12,4",8,895,,match_10025_M140H,/uploads/rods/match_10025_M140H.png,https://potryasovgame.ru/page113839636.html
Genius Match M150M,Поплавочные,Genius,Матч,,5,25,"4,5",4,5,Средний,,,,,"8,7",10,819,,match_10026_M150M,/uploads/rods/match_10026_M150M.png,https://potryasovgame.ru/page113839636.html
Genius Match M110M,Поплавочные,Genius,Матч,,5,25,"3,5",4,5,Средний,,,,,"8,7",10,778,,match_10026_M110M,/uploads/rods/match_10026_M110M.png,https://potryasovgame.ru/page113839636.html
Akkord Match 4.2,Поплавочные,Akkord,Матч,,5,25,"4,2",0,3,Средний,,,,,9,8,755,,match_10116_4_2,/uploads/rods/match_10116_4_2.png,https://potryasovgame.ru/page113839636.html
Akkord Match 3.9,Поплавочные,Akkord,Матч,,5,25,"3,9",0,3,Средний,,,,,9,8,735,,match_10116_3_9,/uploads/rods/match_10116_3_9.png,https://potryasovgame.ru/page113839636.html
Akkord Match 3.6,Поплавочные,Akkord,Матч,,5,25,"3,6",0,3,Средний,,,,,9,8,715,,match_10116_3_6,/uploads/rods/match_10116_3_6.png,https://potryasovgame.ru/page113839636.html
Harp Match HM20,Поплавочные,Harp,Матч,,7,40,6,5,6,Средний,,,,,"4,6",7,395,,match_10051_HM20,/uploads/rods/match_10051_HM20.png,https://potryasovgame.ru/page113839636.html
Harp Match HM16,Поплавочные,Harp,Матч,,7,40,"4,8",5,6,Средний,,,,,"4,6",7,374,,match_10051_HM16,/uploads/rods/match_10051_HM16.png,https://potryasovgame.ru/page113839636.html
Harp Match HM12,Поплавочные,Harp,Матч,,15,45,"3,6",4,7,Быстрый,,,,,"6,1",7,355,,match_10051_HM12,/uploads/rods/match_10051_HM12.png,https://potryasovgame.ru/page113839636.html
Ranger Match RM16,Поплавочные,Ranger,Матч,,10,40,"4,8",3,7,Быстрый,,,,,"4,4",1,67,,match_10041_RM16,/uploads/rods/match_10041_RM16.png,https://potryasovgame.ru/page113839636.html
Ranger Match RM13,Поплавочные,Ranger,Матч,,10,40,"3,9",3,7,Быстрый,,,,,"4,4",1,48,,match_10041_RM13,/uploads/rods/match_10041_RM13.png,https://potryasovgame.ru/page113839636.html
Royal FM130XXH,Доночные,Royal,Фидер,,50,150,"3,9",,9,Быстрый,,,10%,,"30,7",28,5664,,feeder_10091_FM130XXH,/uploads/rods/feeder_10091_FM130XXH.png,https://potryasovgame.ru/page113839786.html
Royal FM130XH,Доночные,Royal,Фидер,,35,130,"3,9",,8,Средний,,,10%,,"33,8",28,5547,,feeder_10091_FM130XH,/uploads/rods/feeder_10091_FM130XH.png,https://potryasovgame.ru/page113839786.html
Royal FM120H,Доночные,Royal,Фидер,,20,100,"3,6",,8,Средний,,,10%,,"33,2",28,5302,,feeder_10091_FM120H,/uploads/rods/feeder_10091_FM120H.png,https://potryasovgame.ru/page113839786.html
Blackwood FSL140XH,Доночные,Blackwood,Фидер,,30,140,"4,2",,8,Медленный,,,,10%,"25,5",26,4734,,feeder_10090_FSL140XH,/uploads/rods/feeder_10090_FSL140XH.png,https://potryasovgame.ru/page113839786.html
Blackwood FSL130H,Доночные,Blackwood,Фидер,,20,90,"3,9",,8,Медленный,,,,10%,"24,1",26,4377,,feeder_10090_FSL130H,/uploads/rods/feeder_10090_FSL130H.png,https://potryasovgame.ru/page113839786.html
Bunessan FF140H,Доночные,Bunessan,Фидер,,20,60,"4,2",,9,Быстрый,,Простые +2,,,"14,8",24,3193,,feeder_10089_FF140H,/uploads/rods/feeder_10089_FF140H.png,https://potryasovgame.ru/page113839786.html
Bunessan FF130H,Доночные,Bunessan,Фидер,,30,95,"3,9",,9,Быстрый,,Простые +2,,,16,24,3125,,feeder_10089_FF130H,/uploads/rods/feeder_10089_FF130H.png,https://potryasovgame.ru/page113839786.html
Bunessan FF120H,Доночные,Bunessan,Фидер,,20,60,"3,6",,9,Быстрый,,Простые +2,,,"14,8",24,3013,,feeder_10089_FF120H,/uploads/rods/feeder_10089_FF120H.png,https://potryasovgame.ru/page113839786.html
Coldstream FM140H,Доночные,Coldstream,Фидер,,25,120,"4,2",,6,Средний,,,,,"35,8",22,2732,,feeder_10088_FM140H,/uploads/rods/feeder_10088_FM140H.png,https://potryasovgame.ru/page113839786.html
Coldstream FM130H,Доночные,Coldstream,Фидер,,25,120,"3,9",,6,Средний,,,,,"35,8",22,2553,,feeder_10088_FM130H,/uploads/rods/feeder_10088_FM130H.png,https://potryasovgame.ru/page113839786.html
Coldstream FM120MH,Доночные,Coldstream,Фидер,,16,80,"3,6",,6,Средний,,,,,"33,3",22,2453,,feeder_10088_FM120MH,/uploads/rods/feeder_10088_FM120MH.png,https://potryasovgame.ru/page113839786.html
Wingate FF130XH,Доночные,Wingate,Фидер,,40,160,"3,9",,6,Быстрый,,Удилище +1,,,"33,7",20,2031,,feeder_10087_FF130XH,/uploads/rods/feeder_10087_FF130XH.png,https://potryasovgame.ru/page113839786.html
Wingate FF120H,Доночные,Wingate,Фидер,,30,120,"3,6",,6,Быстрый,,Удилище +1,,,33,20,1964,,feeder_10087_FF120H,/uploads/rods/feeder_10087_FF120H.png,https://potryasovgame.ru/page113839786.html
Wingate FF110H,Доночные,Wingate,Фидер,,25,100,"3,3",,6,Быстрый,,Удилище +1,,,"32,3",20,1911,,feeder_10087_FF110H,/uploads/rods/feeder_10087_FF110H.png,https://potryasovgame.ru/page113839786.html
Model One FD450XH,Доночные,Model,Фидер,,30,140,"4,5",,5,Средний,,,,,"29,7",16,1459,,feeder_10051_FD450XH,/uploads/rods/feeder_10051_FD450XH.png,https://potryasovgame.ru/page113839786.html
Model One FD420H,Доночные,Model,Фидер,,25,115,"4,2",,5,Средний,,,,,"29,3",16,1389,,feeder_10051_FD420H,/uploads/rods/feeder_10051_FD420H.png,https://potryasovgame.ru/page113839786.html
Model One FD390M,Доночные,Model,Фидер,,18,85,"3,9",,5,Средний,,,,,"27,9",16,1343,,feeder_10051_FD390M,/uploads/rods/feeder_10051_FD390M.png,https://potryasovgame.ru/page113839786.html
Model One FD360M,Доночные,Model,Фидер,,14,65,"3,6",,4,Средний,,,,,"27,5",16,1298,,feeder_10051_FD360M,/uploads/rods/feeder_10051_FD360M.png,https://potryasovgame.ru/page113839786.html
Model Two FD420H,Доночные,Model,Фидер,,30,150,"4,2",,5,Средний,,,,,"26,2",15,918,,feeder_10050_FD420H,/uploads/rods/feeder_10050_FD420H.png,https://potryasovgame.ru/page113839786.html
Model Two FD390XH,Доночные,Model,Фидер,,30,120,"3,9",,5,Быстрый,,,,,26,15,884,,feeder_10050_FD390XH,/uploads/rods/feeder_10050_FD390XH.png,https://potryasovgame.ru/page113839786.html
Model Two FD360MH,Доночные,Model,Фидер,,18,95,"3,6",,5,Средний,,,,,"25,9",15,868,,feeder_10050_FD360MH,/uploads/rods/feeder_10050_FD360MH.png,https://potryasovgame.ru/page113839786.html
Mechta FD440,Доночные,Mechta,Фидер,,45,160,"4,4",,7,Быстрый,,,,,25,14,849,,feeder_10128_FD440,/uploads/rods/feeder_10128_FD440.png,https://potryasovgame.ru/page113839786.html
Mechta FD420,Доночные,Mechta,Фидер,,35,120,"4,2",,7,Быстрый,,,,,25,14,839,,feeder_10128_FD420,/uploads/rods/feeder_10128_FD420.png,https://potryasovgame.ru/page113839786.html
Model Two FD360M,Доночные,Model,Фидер,,15,70,"3,6",,4,Средний,,,,,"23,9",15,835,,feeder_10050_FD360M,/uploads/rods/feeder_10050_FD360M.png,https://potryasovgame.ru/page113839786.html
Mechta FD390,Доночные,Mechta,Фидер,,30,100,"3,9",,6,Быстрый,,,,,25,14,819,,feeder_10128_FD390,/uploads/rods/feeder_10128_FD390.png,https://potryasovgame.ru/page113839786.html
Рязанка СКФ,Доночные,Рязанка,Фидер,,25,100,"3,8",,6,Средний,,,,,"26,1",15,800,,feeder_10171,/uploads/rods/feeder_10171.png,https://potryasovgame.ru/page113839786.html
Mechta FD360,Доночные,Mechta,Фидер,,25,90,"3,6",,6,Быстрый,,,,,25,14,799,,feeder_10128_FD360,/uploads/rods/feeder_10128_FD360.png,https://potryasovgame.ru/page113839786.html
Sentense FD340MH,Доночные,Sentense,Фидер,,15,80,"3,4",,4,Средний,,,,,"24,7",13,757,,feeder_10049_FD340MH,/uploads/rods/feeder_10049_FD340MH.png,https://potryasovgame.ru/page113839786.html
Impuls FD450,Доночные,Impuls,Фидер,,30,140,"4,5",,6,Средний,,,,,21,12,639,,feeder_10127_FD450,/uploads/rods/feeder_10127_FD450.png,https://potryasovgame.ru/page113839786.html
Impuls FD390,Доночные,Impuls,Фидер,,25,120,"3,9",,6,Средний,,,,,21,12,619,,feeder_10127_FD390,/uploads/rods/feeder_10127_FD390.png,https://potryasovgame.ru/page113839786.html
Fortuna Feeder FD420,Доночные,Fortuna,Фидер,,35,120,"4,2",,7,Быстрый,,,,,19,9,478,,feeder_10048_FD420,/uploads/rods/feeder_10048_FD420.png,https://potryasovgame.ru/page113839786.html
Fortuna Feeder FD390,Доночные,Fortuna,Фидер,,20,100,"3,9",,6,Средний,,,,,"17,7",9,449,,feeder_10048_FD390,/uploads/rods/feeder_10048_FD390.png,https://potryasovgame.ru/page113839786.html
Persey FD140,Доночные,Persey,Фидер,,20,110,"4,4",,6,Средний,,,,,16,8,398,,feeder_10056_FD140,/uploads/rods/feeder_10056_FD140.png,https://potryasovgame.ru/page113839786.html
Persey FD110,Доночные,Persey,Фидер,,20,110,"3,6",,6,Средний,,,,,16,8,380,,feeder_10056_FD110,/uploads/rods/feeder_10056_FD110.png,https://potryasovgame.ru/page113839786.html
Fantazia FD410,Доночные,Fantazia,Фидер,,45,180,"4,1",,8,Быстрый,,,,,14,8,329,,feeder_10126_FD410,/uploads/rods/feeder_10126_FD410.png,https://potryasovgame.ru/page113839786.html
Fantazia FD390,Доночные,Fantazia,Фидер,,40,140,"3,9",,8,Быстрый,,,,,14,8,319,,feeder_10126_FD390,/uploads/rods/feeder_10126_FD390.png,https://potryasovgame.ru/page113839786.html
Fantazia FD370,Доночные,Fantazia,Фидер,,30,120,"3,7",,7,Быстрый,,,,,14,8,309,,feeder_10126_FD370,/uploads/rods/feeder_10126_FD370.png,https://potryasovgame.ru/page113839786.html
Fantazia FD350,Доночные,Fantazia,Фидер,,20,90,"3,5",,7,Быстрый,,,,,14,8,299,,feeder_10126_FD350,/uploads/rods/feeder_10126_FD350.png,https://potryasovgame.ru/page113839786.html
Palmar FD150,Доночные,Palmar,Фидер,,25,90,"4,6",,7,Быстрый,,,,,"12,5",7,263,,feeder_10055_FD150,/uploads/rods/feeder_10055_FD150.png,https://potryasovgame.ru/page113839786.html
Palmar FD120,Доночные,Palmar,Фидер,,25,90,"3,8",,7,Быстрый,,,,,"12,5",7,248,,feeder_10055_FD120,/uploads/rods/feeder_10055_FD120.png,https://potryasovgame.ru/page113839786.html
Asteria FD130,Доночные,Asteria,Фидер,,10,80,4,,7,Средний,,,,,"7,8",3,149,,feeder_10054_FD130,/uploads/rods/feeder_10054_FD130.png,https://potryasovgame.ru/page113839786.html
Asteria FD110,Доночные,Asteria,Фидер,,10,80,"3,4",,7,Средний,,,,,"7,8",3,139,,feeder_10054_FD110,/uploads/rods/feeder_10054_FD110.png,https://potryasovgame.ru/page113839786.html
Comfort FD390,Доночные,Comfort,Фидер,,30,120,"3,9",,5,Быстрый,,,,,6,1,90,,feeder_10125_FD390,/uploads/rods/feeder_10125_FD390.png,https://potryasovgame.ru/page113839786.html
Comfort FD360,Доночные,Comfort,Фидер,,20,100,"3,6",,5,Быстрый,,,,,6,1,84,,feeder_10125_FD360,/uploads/rods/feeder_10125_FD360.png,https://potryasovgame.ru/page113839786.html
Comfort FD330,Доночные,Comfort,Фидер,,15,80,"3,3",,5,Быстрый,,,,,6,1,80,,feeder_10125_FD330,/uploads/rods/feeder_10125_FD330.png,https://potryasovgame.ru/page113839786.html
Sorento FD130,Доночные,Sorento,Фидер,,20,100,"4,2",,7,Средний,,,,,"4,6",1,42,,feeder_10053_FD130,/uploads/rods/feeder_10053_FD130.png,https://potryasovgame.ru/page113839786.html
Sorento FD120,Доночные,Sorento,Фидер,,20,100,"3,8",,7,Средний,,,,,"4,6",1,40,,feeder_10053_FD120,/uploads/rods/feeder_10053_FD120.png,https://potryasovgame.ru/page113839786.html
Sorento FD100,Доночные,Sorento,Фидер,,20,100,"3,2",,7,Средний,,,,,"4,6",1,38,,feeder_10053_FD100,/uploads/rods/feeder_10053_FD100.png,https://potryasovgame.ru/page113839786.html
Legacy Picker F98MH,Доночные,Legacy,Пикер,,12,45,3,,9,Быстрый,25%,Волосяные +2,,,35,28,17898,,picker_10251_f98mh,/uploads/rods/picker_10251_f98mh.png,https://potryasovgame.ru/page113839786.html
Legacy Picker F98M,Доночные,Legacy,Пикер,,10,30,3,,9,Быстрый,25%,Волосяные +2,,,"32,4",28,14898,,picker_10251_f98ml,/uploads/rods/picker_10251_f98ml.png,https://potryasovgame.ru/page113839786.html
Legacy Picker M98M,Доночные,Legacy,Пикер,,10,30,3,,8,Средний,25%,Волосяные +2,,,"32,3",28,14898,,picker_10251_m98ml,/uploads/rods/picker_10251_m98ml.png,https://potryasovgame.ru/page113839786.html
Sage Picker M98MH,Доночные,Sage,Пикер,,12,45,3,,7,Средний,25%,Волосяные +1,,,"31,3",26,5988,,picker_10250_m98mh,/uploads/rods/picker_10250_m98mh.png,https://potryasovgame.ru/page113839786.html
Sage Picker M98M,Доночные,Sage,Пикер,,10,30,3,,7,Средний,25%,Волосяные +1,,,"28,1",26,5488,,picker_10250_m98ml,/uploads/rods/picker_10250_m98ml.png,https://potryasovgame.ru/page113839786.html
Royal Picker PM98H,Доночные,Royal,Пикер,,15,55,3,,8,Средний,25%,,10%,,"29,4",28,5163,,picker_10095_PM98H,/uploads/rods/picker_10095_PM98H.png,https://potryasovgame.ru/page113839786.html
Royal Picker PF98H,Доночные,Royal,Пикер,,12,36,3,,8,Быстрый,25%,,10%,,"24,5",28,5024,,picker_10095_PF98H,/uploads/rods/picker_10095_PF98H.png,https://potryasovgame.ru/page113839786.html
Sage Picker M88M,Доночные,Sage,Пикер,,10,30,"2,7",,7,Средний,25%,Волосяные +1,,,"27,1",26,4988,,picker_10250_m88ml,/uploads/rods/picker_10250_m88ml.png,https://potryasovgame.ru/page113839786.html
Royal Picker PM88MH,Доночные,Royal,Пикер,,10,40,"2,7",,7,Средний,25%,,10%,,"29,5",28,4966,,picker_10095_PM88MH,/uploads/rods/picker_10095_PM88MH.png,https://potryasovgame.ru/page113839786.html
Bunessan Picker PF98XH,Доночные,Bunessan,Пикер,,15,45,3,,9,Быстрый,25%,Простые +2,,,"14,9",24,3650,,picker_10093_PF98XH,/uploads/rods/picker_10093_PF98XH.png,https://potryasovgame.ru/page113839786.html
Bunessan Picker PF88H,Доночные,Bunessan,Пикер,,8,24,"2,7",,7,Быстрый,50%,Простые +2,,,"10,4",24,2799,,picker_10093_PF88H,/uploads/rods/picker_10093_PF88H.png,https://potryasovgame.ru/page113839786.html
Bunessan Picker PXF88XH,Доночные,Bunessan,Пикер,,12,28,"2,7",,8,Сверх,25%,Простые +2,,,"13,1",24,2799,,picker_10093_PXF88XH,/uploads/rods/picker_10093_PXF88XH.png,https://potryasovgame.ru/page113839786.html
Blackwood Picker PSL98MH,Доночные,Blackwood,Пикер,,10,50,3,,7,Медленный,25%,,,10%,18,26,2197,,picker_10094_PSL98MH,/uploads/rods/picker_10094_PSL98MH.png,https://potryasovgame.ru/page113839786.html
Wingate Picker PF98H,Доночные,Wingate,Пикер,,12,45,3,,5,Быстрый,25%,,,,26,20,2099,,picker_10092_PF98H,/uploads/rods/picker_10092_PF98H.png,https://potryasovgame.ru/page113839786.html
Model One Picker 300MH,Доночные,Model,Пикер,,9,41,3,,4,Средний,25%,,,,"25,9",16,1894,,picker_10053_300MH,/uploads/rods/picker_10053_300MH.png,https://potryasovgame.ru/page113839786.html
Model One Picker 270M,Доночные,Model,Пикер,,7,35,"2,7",,4,Средний,25%,,,,22,16,1599,,picker_10053_270M,/uploads/rods/picker_10053_270M.png,https://potryasovgame.ru/page113839786.html
Mechta P300,Доночные,Mechta,Пикер,,20,60,3,,6,Быстрый,25%,,,,16,14,1100,,picker_10130_P300,/uploads/rods/picker_10130_P300.png,https://potryasovgame.ru/page113839786.html
Mechta P270,Доночные,Mechta,Пикер,,15,50,"2,7",,6,Быстрый,25%,,,,15,14,1000,,picker_10130_P270,/uploads/rods/picker_10130_P270.png,https://potryasovgame.ru/page113839786.html
Model One Picker 240M,Доночные,Model,Пикер,,4,18,"2,4",,3,Средний,25%,,,,"15,1",16,999,,picker_10053_240L,/uploads/rods/picker_10053_240L.png,https://potryasovgame.ru/page113839786.html
Model Two Picker 300MH,Доночные,Model,Пикер,,8,32,3,,3,Быстрый,25%,,5%,,"11,1",14,899,,picker_10096_300MH,/uploads/rods/picker_10096_300MH.png,https://potryasovgame.ru/page113839786.html
Model Two Picker 270M,Доночные,Model,Пикер,,5,21,"2,7",,3,Быстрый,50%,,5%,,"6,2",14,819,,picker_10096_270M,/uploads/rods/picker_10096_270M.png,https://potryasovgame.ru/page113839786.html
Mechta P240,Доночные,Mechta,Пикер,,10,40,"2,4",,6,Быстрый,25%,,,,14,14,800,,picker_10130_P240,/uploads/rods/picker_10130_P240.png,https://potryasovgame.ru/page113839786.html
Impuls P300,Доночные,Impuls,Пикер,,10,50,3,,5,Средний,25%,,,,10,12,659,,picker_10129_P300,/uploads/rods/picker_10129_P300.png,https://potryasovgame.ru/page113839786.html
Persey PCK98,Доночные,Persey,Пикер,,5,40,3,,5,Медленный,25%,,,,"8,8",9,485,,picker_10058_PCK98,/uploads/rods/picker_10058_PCK98.png,https://potryasovgame.ru/page113839786.html
Fortuna Picker P300-MH,Доночные,Fortuna,Пикер,,7,35,3,,5,Средний,25%,,,,"9,9",10,389,,picker_10052_P300-MH,/uploads/rods/picker_10052_P300-MH.png,https://potryasovgame.ru/page113839786.html
Palmar PCK88,Доночные,Palmar,Пикер,,5,35,"2,7",,6,Средний,25%,,,,"6,2",7,288,,picker_10057_PCK88,/uploads/rods/picker_10057_PCK88.png,https://potryasovgame.ru/page113839786.html
Palmar PCK78,Доночные,Palmar,Пикер,,5,35,"2,4",,6,Средний,25%,,,,"6,2",7,268,,picker_10057_PCK78,/uploads/rods/picker_10057_PCK78.png,https://potryasovgame.ru/page113839786.html
Legacy Ti 13-4.50,Доночные,Legacy,Карповое,,70,220,"3,9",5,9,Средний,,Удилище +3,7%,,"80,2",32,19989,,carp_10140_13_4_50,/uploads/rods/carp_10140_13_4_50.png,https://potryasovgame.ru/page113839786.html
Legacy Ti 13-4.00,Доночные,Legacy,Карповое,,65,195,"3,9",5,9,Средний,,Удилище +3,7%,,78,32,18960,,carp_10140_13_4_00,/uploads/rods/carp_10140_13_4_00.png,https://potryasovgame.ru/page113839786.html
Legacy 13-4.50,Доночные,Legacy,Карповое,,70,220,"3,9",5,9,Средний,,Удилище +3,7%,,"80,2",32,18490,,carp_10139_13_4_50,/uploads/rods/carp_10139_13_4_50.png,https://potryasovgame.ru/page113839786.html
Legacy Ti 12-3.75,Доночные,Legacy,Карповое,,60,180,"3,6",5,9,Средний,,Удилище +3,7%,,76,32,18384,,carp_10140_12_3_75,/uploads/rods/carp_10140_12_3_75.png,https://potryasovgame.ru/page113839786.html
Legacy Ti 12-3.50,Доночные,Legacy,Карповое,,55,170,"3,6",6,9,Средний,,Удилище +3,7%,,75,32,17795,,carp_10140_12_3_50,/uploads/rods/carp_10140_12_3_50.png,https://potryasovgame.ru/page113839786.html
Legacy 13-4.00,Доночные,Legacy,Карповое,,65,195,"3,9",5,9,Средний,,Удилище +3,7%,,78,32,17473,,carp_10139_13_4_00,/uploads/rods/carp_10139_13_4_00.png,https://potryasovgame.ru/page113839786.html
Legacy Ti 12-3.25,Доночные,Legacy,Карповое,,50,155,"3,6",6,9,Средний,,Удилище +3,7%,,"73,3",32,17258,,carp_10140_12_3_25,/uploads/rods/carp_10140_12_3_25.png,https://potryasovgame.ru/page113839786.html
Legacy Ti 12-3.00,Доночные,Legacy,Карповое,,45,140,"3,6",6,9,Средний,,Удилище +3,7%,,"72,1",32,17117,,carp_10140_12_3_00,/uploads/rods/carp_10140_12_3_00.png,https://potryasovgame.ru/page113839786.html
Legacy 12-3.75,Доночные,Legacy,Карповое,,60,180,"3,6",5,9,Средний,,Удилище +3,7%,,76,32,16961,,carp_10139_12_3_75,/uploads/rods/carp_10139_12_3_75.png,https://potryasovgame.ru/page113839786.html
Legacy Ti 12-2.50,Доночные,Legacy,Карповое,,40,120,"3,6",6,9,Средний,,Удилище +3,7%,,"70,2",32,16604,,carp_10140_12_2_50,/uploads/rods/carp_10140_12_2_50.png,https://potryasovgame.ru/page113839786.html
Legacy 12-3.50,Доночные,Legacy,Карповое,,55,170,"3,6",6,9,Средний,,Удилище +3,7%,,75,32,16493,,carp_10139_12_3_50,/uploads/rods/carp_10139_12_3_50.png,https://potryasovgame.ru/page113839786.html
Legacy 12-3.25,Доночные,Legacy,Карповое,,50,155,"3,6",6,9,Средний,,Удилище +3,7%,,"73,3",32,15978,,carp_10139_12_3_25,/uploads/rods/carp_10139_12_3_25.png,https://potryasovgame.ru/page113839786.html
Legacy 12-3.00,Доночные,Legacy,Карповое,,45,140,"3,6",6,9,Средний,,Удилище +3,7%,,"72,1",32,15837,,carp_10139_12_3_00,/uploads/rods/carp_10139_12_3_00.png,https://potryasovgame.ru/page113839786.html
Legacy 12-2.50,Доночные,Legacy,Карповое,,40,120,"3,6",6,9,Средний,,Удилище +3,7%,,"70,2",32,15328,,carp_10139_12_2_50,/uploads/rods/carp_10139_12_2_50.png,https://potryasovgame.ru/page113839786.html
Avalon 13-3.75,Доночные,Avalon,Карповое,,75,195,"3,9",6,10,Быстрый,,Удилище +2,,,66,28,12266,,carp_10138_13_3_75,/uploads/rods/carp_10138_13_3_75.png,https://potryasovgame.ru/page113839786.html
Avalon 12-3.50,Доночные,Avalon,Карповое,,70,185,"3,6",6,10,Быстрый,,Удилище +2,,,"65,2",28,11889,,carp_10138_12_3_50,/uploads/rods/carp_10138_12_3_50.png,https://potryasovgame.ru/page113839786.html
Avalon 12-3.25,Доночные,Avalon,Карповое,,65,170,"3,6",6,10,Быстрый,,Удилище +2,,,"64,1",28,11196,,carp_10138_12_3_25,/uploads/rods/carp_10138_12_3_25.png,https://potryasovgame.ru/page113839786.html
Avalon 12-2.75,Доночные,Avalon,Карповое,,55,140,"3,6",6,9,Быстрый,,Удилище +2,,,62,28,10949,,carp_10138_12_2_75,/uploads/rods/carp_10138_12_2_75.png,https://potryasovgame.ru/page113839786.html
Atlas 13-5.00,Доночные,Atlas,Карповое,,80,260,"3,9",3,7,Медленный,,,,10%,62,28,10500,,carp_10137_13_5_00,/uploads/rods/carp_10137_13_5_00.png,https://potryasovgame.ru/page113839786.html
Sage 13-3.50,Доночные,Sage,Карповое,,60,165,"3,9",5,8,Средний,,Удилище +1,5%,,60,28,10162,,carp_10136_13_3_50,/uploads/rods/carp_10136_13_3_50.png,https://potryasovgame.ru/page113839786.html
Sage 13-3.00,Доночные,Sage,Карповое,,50,145,"3,9",5,7,Средний,,Удилище +1,5%,,58,28,10089,,carp_10136_13_3_00,/uploads/rods/carp_10136_13_3_00.png,https://potryasovgame.ru/page113839786.html
Atlas 12-4.50,Доночные,Atlas,Карповое,,70,210,"3,6",3,7,Медленный,,,,10%,59,28,9991,,carp_10137_12_4_50,/uploads/rods/carp_10137_12_4_50.png,https://potryasovgame.ru/page113839786.html
Sage 12-3.50,Доночные,Sage,Карповое,,60,165,"3,6",5,8,Средний,,Удилище +1,5%,,60,28,9965,,carp_10136_12_3_50,/uploads/rods/carp_10136_12_3_50.png,https://potryasovgame.ru/page113839786.html
Sage 12-3.25,Доночные,Sage,Карповое,,55,155,"3,6",5,8,Средний,,Удилище +1,5%,,59,28,9895,,carp_10136_12_3_25,/uploads/rods/carp_10136_12_3_25.png,https://potryasovgame.ru/page113839786.html
Sage 12-3.00,Доночные,Sage,Карповое,,50,145,"3,6",5,7,Средний,,Удилище +1,5%,,58,28,9790,,carp_10136_12_3_00,/uploads/rods/carp_10136_12_3_00.png,https://potryasovgame.ru/page113839786.html
Atlas 12-4.00,Доночные,Atlas,Карповое,,60,185,"3,6",3,7,Медленный,,,,10%,57,28,9733,,carp_10137_12_4_00,/uploads/rods/carp_10137_12_4_00.png,https://potryasovgame.ru/page113839786.html
Sage 12-2.75,Доночные,Sage,Карповое,,40,130,"3,6",5,7,Средний,,Удилище +1,5%,,56,28,9477,,carp_10136_12_2_75,/uploads/rods/carp_10136_12_2_75.png,https://potryasovgame.ru/page113839786.html
Carp Dominator CM128XH,Доночные,Carp,Карповое,,55,200,"3,9",5,8,Средний,,,,,51,28,8593,,carp_10086_CM128XH,/uploads/rods/carp_10086_CM128XH.png,https://potryasovgame.ru/page113839786.html
Carp Dominator CF128XH,Доночные,Carp,Карповое,,65,180,"3,9",5,8,Быстрый,,,,,"47,5",28,8193,,carp_10086_CF128XH,/uploads/rods/carp_10086_CF128XH.png,https://potryasovgame.ru/page113839786.html
Native 13-3.50,Доночные,Native,Карповое,,45,160,"3,9",5,7,Средний,,,,,52,26,8156,,carp_10135_13_3_50,/uploads/rods/carp_10135_13_3_50.png,https://potryasovgame.ru/page113839786.html
Native 12-3.50,Доночные,Native,Карповое,,45,160,"3,6",5,7,Средний,,,,,52,26,7996,,carp_10135_12_3_50,/uploads/rods/carp_10135_12_3_50.png,https://potryasovgame.ru/page113839786.html
Carp Dominator CSL118H,Доночные,Carp,Карповое,,30,160,"3,6",5,7,Медленный,,Удилище +1,,,"49,6",28,7903,,carp_10086_CSL118H,/uploads/rods/carp_10086_CSL118H.png,https://potryasovgame.ru/page113839786.html
Native 12-2.75,Доночные,Native,Карповое,,35,130,"3,6",5,7,Средний,,,,,50,26,7888,,carp_10135_12_2_75,/uploads/rods/carp_10135_12_2_75.png,https://potryasovgame.ru/page113839786.html
Carp Dominator CF118XH,Доночные,Carp,Карповое,,50,140,"3,6",5,8,Быстрый,,Удилище +1,,,"45,9",28,7664,,carp_10086_CF118XH,/uploads/rods/carp_10086_CF118XH.png,https://potryasovgame.ru/page113839786.html
Fortuna Carp 360XH,Доночные,Fortuna,Карповое,,35,160,"3,6",2,6,Медленный,,,,,39,16,1679,,carp_10047_360XH,/uploads/rods/carp_10047_360XH.png,https://potryasovgame.ru/page113839786.html
Fortuna Carp 360H,Доночные,Fortuna,Карповое,,28,130,"3,6",2,5,Медленный,,,,,"35,5",16,1679,,carp_10047_360H,/uploads/rods/carp_10047_360H.png,https://potryasovgame.ru/page113839786.html
Fortuna Carp 360M,Доночные,Fortuna,Карповое,,18,90,"3,6",2,5,Медленный,,,,,"31,2",16,1679,,carp_10047_360M,/uploads/rods/carp_10047_360M.png,https://potryasovgame.ru/page113839786.html
Mechta Carp 380,Доночные,Mechta,Карповое,,40,160,"3,8",4,6,Медленный,,,,,35,14,1405,,carp_10131_380,/uploads/rods/carp_10131_380.png,https://potryasovgame.ru/page113839786.html
Mechta Carp 360,Доночные,Mechta,Карповое,,30,130,"3,6",4,6,Медленный,,,,,33,14,1372,,carp_10131_360,/uploads/rods/carp_10131_360.png,https://potryasovgame.ru/page113839786.html
Mechta Carp 340,Доночные,Mechta,Карповое,,20,90,"3,4",4,5,Медленный,,,,,30,14,1318,,carp_10131_340,/uploads/rods/carp_10131_340.png,https://potryasovgame.ru/page113839786.html
Classic Model Carp 360XH,Доночные,Classic,Карповое,,40,130,"3,6",3,7,Быстрый,,,,,"27,4",12,995,,carp_10046_360XH,/uploads/rods/carp_10046_360XH.png,https://potryasovgame.ru/page113839786.html
Classic Model Carp 360H,Доночные,Classic,Карповое,,25,90,"3,6",4,6,Быстрый,,,,,26,12,995,,carp_10046_360H,/uploads/rods/carp_10046_360H.png,https://potryasovgame.ru/page113839786.html
Persey CP120,Доночные,Persey,Карповое,,25,115,"3,9",3,6,Средний,,,,,"20,1",12,755,,carp_10052_CP120,/uploads/rods/carp_10052_CP120.png,https://potryasovgame.ru/page113839786.html
Persey CP110,Доночные,Persey,Карповое,,25,115,"3,4",3,6,Средний,,,,,"20,1",12,716,,carp_10052_CP110,/uploads/rods/carp_10052_CP110.png,https://potryasovgame.ru/page113839786.html
Poseidon Mega Jig 60260,Морские,Poseidon,Пилкер,Среднее,60,260,"2,7",7,10,Быстрый,,Джиг +2,7%,,"88,4",28,16900,,pilkr_10212_60260,/uploads/rods/pilkr_10212_60260.png,https://potryasovgame.ru/page113840266.html
Poseidon Mega Pirk 90340,Морские,Poseidon,Пилкер,Среднее,90,340,"2,7",7,10,Быстрый,,Пилкер +2,7%,,"88,1",28,16900,,pilkr_10212_90340,/uploads/rods/pilkr_10212_90340.png,https://potryasovgame.ru/page113840266.html
Poseidon Sensi 88-50190,Морские,Poseidon,Пилкер,Лёгкое,50,190,"2,7",7,9,Быстрый,50%,Пилкер и джиг +1,5%,,"63,7",28,9498,,pilkr_10212_88-50160,/uploads/rods/pilkr_10212_88-50160.png,https://potryasovgame.ru/page113840266.html
Poseidon Sensi 80-20130,Морские,Poseidon,Пилкер,Лёгкое,20,130,"2,4",7,9,Быстрый,50%,Пилкер и джиг +1,5%,,"49,2",28,8899,,pilkr_10212_80-20120,/uploads/rods/pilkr_10212_80-20120.png,https://potryasovgame.ru/page113840266.html
Ocean Queen 86-160-420,Морские,Ocean,Пилкер,Среднее,160,420,"2,6",6,8,Быстрый,,,,,"68,2",25,6696,,pilkr_10211_86-160420,/uploads/rods/pilkr_10211_86-160420.png,https://potryasovgame.ru/page113840266.html
Ocean Queen 86-100-300,Морские,Ocean,Пилкер,Среднее,100,300,"2,6",6,8,Быстрый,,,,,"61,1",25,6197,,pilkr_10211_86-100300,/uploads/rods/pilkr_10211_86-100300.png,https://potryasovgame.ru/page113840266.html
Ocean Queen 86-50150,Морские,Ocean,Пилкер,Лёгкое,50,150,"2,6",6,8,Быстрый,50%,,,,"48,2",25,5398,,pilkr_10211_86-50150,/uploads/rods/pilkr_10211_86-50150.png,https://potryasovgame.ru/page113840266.html
7 Seas - 88-120420,Морские,7 Seas,Пилкер,Среднее,120,420,"2,7",5,6,Быстрый,,,,,54,24,4898,,pilkr_10210_88-120420,/uploads/rods/pilkr_10210_88-120420.png,https://potryasovgame.ru/page113840266.html
7 Seas - 80-120420,Морские,7 Seas,Пилкер,Среднее,120,420,"2,4",5,6,Быстрый,,,,,"52,3",24,4598,,pilkr_10210_80-120420,/uploads/rods/pilkr_10210_80-120420.png,https://potryasovgame.ru/page113840266.html
7 Seas - 88-50190,Морские,7 Seas,Пилкер,Лёгкое,50,190,"2,7",5,6,Быстрый,50%,,,,"41,3",24,4199,,pilkr_10210_88-50190,/uploads/rods/pilkr_10210_88-50190.png,https://potryasovgame.ru/page113840266.html
7 Seas - 80-30140,Морские,7 Seas,Пилкер,Лёгкое,30,140,"2,4",5,6,Быстрый,50%,,,,"36,3",24,3899,,pilkr_10210_80-30120,/uploads/rods/pilkr_10210_80-30120.png,https://potryasovgame.ru/page113840266.html
Saltmaster - Offshore 88,Морские,Saltmaster,Пилкер,Среднее,90,320,"2,65",1,7,Быстрый,,,,,"38,2",22,3499,,pilkr_10208_os88,/uploads/rods/pilkr_10208_os88.png,https://potryasovgame.ru/page113840266.html
Saltmaster - Inshore 92,Морские,Saltmaster,Пилкер,Лёгкое,40,185,"2,75",1,7,Быстрый,50%,,,,33,22,2899,,pilkr_10208_is92,/uploads/rods/pilkr_10208_is92.png,https://potryasovgame.ru/page113840266.html
Saltmaster - Fjord 88,Морские,Saltmaster,Пилкер,Лёгкое,25,130,"2,65",1,6,Быстрый,50%,,,,"28,5",22,2600,,pilkr_10208_f88,/uploads/rods/pilkr_10208_f88.png,https://potryasovgame.ru/page113840266.html
Saltmaster - Ultra 88,Морские,Saltmaster,Пилкер,Лёгкое,20,110,"2,65",1,6,Быстрый,50%,,,,"25,4",22,2400,,pilkr_10208_fu88,/uploads/rods/pilkr_10208_fu88.png,https://potryasovgame.ru/page113840266.html
Poseidon Ultra 80-100,Морские,Poseidon,Морское,Тяжёлое,400,3000,"2,4",3,9,Быстрый,,Морские +1,5%,,"238,3",32,47999,,boatr_10222_80_100,/uploads/rods/boatr_10222_80_100.png,https://potryasovgame.ru/page113840266.html
Poseidon Ultra 70-100,Морские,Poseidon,Морское,Тяжёлое,400,3000,"2,1",3,9,Быстрый,,Морские +1,5%,,"232,2",32,43999,,boatr_10222_70_100,/uploads/rods/boatr_10222_70_100.png,https://potryasovgame.ru/page113840266.html
Poseidon 80-100,Морские,Poseidon,Морское,Тяжёлое,400,2500,"2,4",3,9,Быстрый,,,,,"218,4",32,36897,,boatr_10222_8010,/uploads/rods/boatr_10222_8010.png,https://potryasovgame.ru/page113840266.html
Poseidon 70-100,Морские,Poseidon,Морское,Тяжёлое,400,2500,"2,1",3,9,Быстрый,,,,,"214,7",32,33297,,boatr_10222_7010,/uploads/rods/boatr_10222_7010.png,https://potryasovgame.ru/page113840266.html
Poseidon 80-080,Морские,Poseidon,Морское,Тяжёлое,300,2000,"2,4",3,9,Быстрый,,,,,"206,5",32,31897,,boatr_10222_8008,/uploads/rods/boatr_10222_8008.png,https://potryasovgame.ru/page113840266.html
Poseidon 80-050,Морские,Poseidon,Морское,Среднее,200,1400,"2,4",3,8,Быстрый,,,,,"193,1",32,29799,,boatr_10222_8005,/uploads/rods/boatr_10222_8005.png,https://potryasovgame.ru/page113840266.html
Poseidon 70-080,Морские,Poseidon,Морское,Тяжёлое,300,2000,"2,1",3,9,Быстрый,,,,,"198,4",32,29497,,boatr_10222_7008,/uploads/rods/boatr_10222_7008.png,https://potryasovgame.ru/page113840266.html
Poseidon 70-050,Морские,Poseidon,Морское,Среднее,200,1400,"2,1",3,8,Быстрый,,,,,"188,3",32,27897,,boatr_10222_7005,/uploads/rods/boatr_10222_7005.png,https://potryasovgame.ru/page113840266.html
Polar Hunter 70-030,Морские,Polar,Морское,Среднее,200,800,"2,1",3,10,Средний,,,,,163,30,23696,,boatr_10221_030,/uploads/rods/boatr_10221_030.png,https://potryasovgame.ru/page113840266.html
Storm Rider 70-050,Морские,Storm,Морское,Тяжёлое,200,1000,"2,1",6,10,Быстрый,,,,,"155,6",30,20396,,boatr_10220_050,/uploads/rods/boatr_10220_050.png,https://potryasovgame.ru/page113840266.html
Storm Rider 70-030,Морские,Storm,Морское,Среднее,200,600,"2,1",6,10,Быстрый,,,,,"147,8",30,19797,,boatr_10220_030,/uploads/rods/boatr_10220_030.png,https://potryasovgame.ru/page113840266.html
Deep Attack 70-095,Морские,Deep,Морское,Тяжёлое,500,2000,"2,1",5,10,Средний,,,,,"159,1",30,19491,,boatr_10219_095,/uploads/rods/boatr_10219_095.png,https://potryasovgame.ru/page113840266.html
Arctic Special 70-030,Морские,Arctic,Морское,Среднее,200,600,"2,1",5,10,Средний,,,,,"125,5",30,16292,,boatr_10218_030,/uploads/rods/boatr_10218_030.png,https://potryasovgame.ru/page113840266.html
Tristar Deep Jig 78-050,Морские,Tristar,Морское,Тяжёлое,300,1600,"2,35",1,10,Быстрый,,,,,"135,6",28,15898,,boatr_10217_7805,/uploads/rods/boatr_10217_7805.png,https://potryasovgame.ru/page113840266.html
Tristar Deep Jig 68-050,Морские,Tristar,Морское,Тяжёлое,300,1600,2,1,9,Быстрый,,,,,"128,2",28,14897,,boatr_10217_6805,/uploads/rods/boatr_10217_6805.png,https://potryasovgame.ru/page113840266.html
Tristar Deep Jig 78-030,Морские,Tristar,Морское,Тяжёлое,200,1000,"2,35",2,8,Быстрый,,,,,"119,3",28,13897,,boatr_10217_7803,/uploads/rods/boatr_10217_7803.png,https://potryasovgame.ru/page113840266.html
Tristar Deep Jig 68-030,Морские,Tristar,Морское,Тяжёлое,200,1000,2,2,8,Быстрый,,,,,"115,4",28,13197,,boatr_10217_6803,/uploads/rods/boatr_10217_6803.png,https://potryasovgame.ru/page113840266.html
Tristar Deep Jig 68-020,Морские,Tristar,Морское,Среднее,160,600,2,2,7,Быстрый,,,,,"107,5",28,12399,,boatr_10217_6802,/uploads/rods/boatr_10217_6802.png,https://potryasovgame.ru/page113840266.html
Nordmaster 70-030,Морские,Nordmaster,Морское,Среднее,200,700,"2,1",5,8,Быстрый,,,,,95,26,9797,,boatr_10216_030,/uploads/rods/boatr_10216_030.png,https://potryasovgame.ru/page113840266.html
Coast Runner 70-050,Морские,Coast,Морское,Среднее,100,500,"2,1",3,7,Быстрый,,,,,"83,1",26,8699,,boatr_10215_050,/uploads/rods/boatr_10215_050.png,https://potryasovgame.ru/page113840266.html
Coast Runner 70-040,Морские,Coast,Морское,Лёгкое,60,350,"2,1",3,7,Быстрый,,,,,"78,3",26,8296,,boatr_10215_040,/uploads/rods/boatr_10215_040.png,https://potryasovgame.ru/page113840266.html
Coast Runner 70-025,Морские,Coast,Морское,Лёгкое,40,240,"2,1",3,6,Быстрый,,,,,76,26,7897,,boatr_10215_025,/uploads/rods/boatr_10215_025.png,https://potryasovgame.ru/page113840266.html
Dual Strike 70-040,Морские,Dual,Морское,Среднее,30,400,"2,1",2,7,Быстрый,,,,,62,25,6799,,boatr_10214_740,/uploads/rods/boatr_10214_740.png,https://potryasovgame.ru/page113840266.html
Dual Strike 60-040,Морские,Dual,Морское,Среднее,30,400,"1,85",2,7,Быстрый,,,,,"59,2",25,6299,,boatr_10214_640,/uploads/rods/boatr_10214_640.png,https://potryasovgame.ru/page113840266.html
Dual Strike 70-025,Морские,Dual,Морское,Лёгкое,30,300,"2,1",2,6,Быстрый,,,,,57,25,6199,,boatr_10214_725,/uploads/rods/boatr_10214_725.png,https://potryasovgame.ru/page113840266.html
Dual Strike 70-015,Морские,Dual,Морское,Лёгкое,30,200,"2,1",2,6,Быстрый,,,,,55,25,5897,,boatr_10214_715,/uploads/rods/boatr_10214_715.png,https://potryasovgame.ru/page113840266.html
Fjordmaster 70-050,Морские,Fjordmaster,Морское,Среднее,80,440,"2,1",2,8,Быстрый,,,,,48,24,4699,,boatr_10213_050,/uploads/rods/boatr_10213_050.png,https://potryasovgame.ru/page113840266.html
Fjordmaster 70-030,Морские,Fjordmaster,Морское,Лёгкое,60,320,"2,1",2,8,Быстрый,,,,,"46,1",24,4499,,boatr_10213_030,/uploads/rods/boatr_10213_030.png,https://potryasovgame.ru/page113840266.html
Fjordmaster 70-020,Морские,Fjordmaster,Морское,Лёгкое,50,240,"2,1",2,7,Быстрый,,,,,"43,6",24,4194,,boatr_10213_020,/uploads/rods/boatr_10213_020.png,https://potryasovgame.ru/page113840266.html
Fjordmaster 70-012,Морские,Fjordmaster,Морское,Лёгкое,30,160,"2,1",2,7,Быстрый,,,,,"40,2",24,3899,,boatr_10213_012,/uploads/rods/boatr_10213_012.png,https://potryasovgame.ru/page113840266.html