catalogStatus,problem,missingData,domain,systemId,name,category,brandHint,assignedFamily,candidateFamilies,reason
добавлено в каталог,несколько подходящих семейств,не выбрано точное семейство,bait,boils_cb_ca10,Икра 10,sinking_boilies,craft_baits,,Craft Baits / Икра [cb_boilies_caviar] | Craft Baits / Икра [cb_pellets_caviar],Несколько семейств совпали с одинаковым приоритетом; автоматический выбор небезопасен
добавлено в каталог,несколько подходящих семейств,не выбрано точное семейство,bait,boils_cb_ca16,Икра 16,sinking_boilies,craft_baits,,Craft Baits / Икра [cb_boilies_caviar] | Craft Baits / Икра [cb_pellets_caviar],Несколько семейств совпали с одинаковым приоритетом; автоматический выбор небезопасен
добавлено в каталог,несколько подходящих семейств,не выбрано точное семейство,bait,boils_cb_ca20,Икра 20,sinking_boilies,craft_baits,,Craft Baits / Икра [cb_boilies_caviar] | Craft Baits / Икра [cb_pellets_caviar],Несколько семейств совпали с одинаковым приоритетом; автоматический выбор небезопасен
добавлено в каталог,несколько подходящих семейств,не выбрано точное семейство,bait,boils_cb_ca26,Икра 26,sinking_boilies,craft_baits,,Craft Baits / Икра [cb_boilies_caviar] | Craft Baits / Икра [cb_pellets_caviar],Несколько семейств совпали с одинаковым приоритетом; автоматический выбор небезопасен
добавлено в каталог,несколько подходящих семейств,не выбрано точное семейство,bait,boils_cb_fc10,Свежая клюква 10,sinking_boilies,craft_baits,,Craft Baits / Свежая клюква [cb_boilies_cranb] | Craft Baits / Свежая клюква [cb_fpel_cranberry],Несколько семейств совпали с одинаковым приоритетом; автоматический выбор небезопасен
добавлено в каталог,несколько подходящих семейств,не выбрано точное семейство,bait,boils_cb_fc16,Свежая клюква 16,sinking_boilies,craft_baits,,Craft Baits / Свежая клюква [cb_boilies_cranb] | Craft Baits / Свежая клюква [cb_fpel_cranberry],Несколько семейств совпали с одинаковым приоритетом; автоматический выбор небезопасен
добавлено в каталог,несколько подходящих семейств,не выбрано точное семейство,bait,boils_cb_fc20,Свежая клюква 20,sinking_boilies,craft_baits,,Craft Baits / Свежая клюква [cb_boilies_cranb] | Craft Baits / Свежая клюква [cb_fpel_cranberry],Несколько семейств совпали с одинаковым приоритетом; автоматический выбор небезопасен
добавлено в каталог,несколько подходящих семейств,не выбрано точное семейство,bait,boils_cb_fc26,Свежая клюква 26,sinking_boilies,craft_baits,,Craft Baits / Свежая клюква [cb_boilies_cranb] | Craft Baits / Свежая клюква [cb_fpel_cranberry],Несколько семейств совпали с одинаковым приоритетом; автоматический выбор небезопасен
добавлено в каталог,семейство не найдено,не назначено семейство,bait,boils_cb_tf10,ТФ 10,sinking_boilies,craft_baits,,,Название и подсказка бренда не совпали ни с одним семейством каталога
добавлено в каталог,семейство не найдено,не назначено семейство,bait,boils_cb_tf14,ТФ 14,sinking_boilies,craft_baits,,,Название и подсказка бренда не совпали ни с одним семейством каталога
добавлено в каталог,семейство не найдено,не назначено семейство,bait,boils_cb_tf18,ТФ 18,sinking_boilies,craft_baits,,,Название и подсказка бренда не совпали ни с одним семейством каталога
добавлено в каталог,семейство не найдено,не назначено семейство,bait,boils_cb_tf20,ТФ 20,sinking_boilies,craft_baits,,,Название и подсказка бренда не совпали ни с одним семейством каталога
добавлено в каталог,семейство не найдено,не назначено семейство,bait,boils_cb_tf_pu10,ТФ Pop Ups 10,pop_up_boilies,craft_baits,,,Название и подсказка бренда не совпали ни с одним семейством каталога
добавлено в каталог,семейство не найдено,не назначено семейство,bait,boils_cb_tf_pu14,ТФ Pop Ups 14,pop_up_boilies,craft_baits,,,Название и подсказка бренда не совпали ни с одним семейством каталога
добавлено в каталог,семейство не найдено,не назначено семейство,bait,boils_cb_tf_pu18,ТФ Pop Ups 18,pop_up_boilies,craft_baits,,,Название и подсказка бренда не совпали ни с одним семейством каталога
добавлено в каталог,семейство не найдено,не назначено семейство,bait,boils_cb_tf_pu20,ТФ Pop Ups 20,pop_up_boilies,craft_baits,,,Название и подсказка бренда не совпали ни с одним семейством каталога
добавлено в каталог,семейство не найдено,не назначено семейство,bait,boil_brown,Боил коричневый,sinking_boilies,,,,Название и подсказка бренда не совпали ни с одним семейством каталога
добавлено в каталог,семейство не найдено,не назначено семейство,bait,boil_green,Боил зеленый,sinking_boilies,,,,Название и подсказка бренда не совпали ни с одним семейством каталога
добавлено в каталог,семейство не найдено,не назначено семейство,bait,boil_orange,Боил оранжевый,sinking_boilies,,,,Название и подсказка бренда не совпали ни с одним семейством каталога
добавлено в каталог,семейство не найдено,не назначено семейство,bait,boil_red,Боил красный,sinking_boilies,,,,Название и подсказка бренда не совпали ни с одним семейством каталога
добавлено в каталог,семейство не найдено,не назначено семейство,bait,boil_rose,Боил розовый,sinking_boilies,,,,Название и подсказка бренда не совпали ни с одним семейством каталога
добавлено в каталог,семейство не найдено,не назначено семейство,bait,boil_yellow,Боил жёлтый,sinking_boilies,,,,Название и подсказка бренда не совпали ни с одним семейством каталога
добавлено в каталог,несколько подходящих семейств,не выбрано точное семейство,bait,boils_hvz_ami_12,Амино 12,sinking_boilies,van_zandt,,Helen Van Zandt / Амино [hvz_boils_amino] | Helen Van Zandt / Амино [hvz_pel_amino] | Helen Van Zandt / Амино [hvz_fpel_amino],Несколько семейств совпали с одинаковым приоритетом; автоматический выбор небезопасен
добавлено в каталог,несколько подходящих семейств,не выбрано точное семейство,bait,boils_hvz_ami_16,Амино 16,sinking_boilies,van_zandt,,Helen Van Zandt / Амино [hvz_boils_amino] | Helen Van Zandt / Амино [hvz_pel_amino] | Helen Van Zandt / Амино [hvz_fpel_amino],Несколько семейств совпали с одинаковым приоритетом; автоматический выбор небезопасен
добавлено в каталог,несколько подходящих семейств,не выбрано точное семейство,bait,boils_hvz_ami_22,Амино 22,sinking_boilies,van_zandt,,Helen Van Zandt / Амино [hvz_boils_amino] | Helen Van Zandt / Амино [hvz_pel_amino] | Helen Van Zandt / Амино [hvz_fpel_amino],Несколько семейств совпали с одинаковым приоритетом; автоматический выбор небезопасен
добавлено в каталог,несколько подходящих семейств,не выбрано точное семейство,bait,boils_hvz_ami_24,Амино 24,sinking_boilies,van_zandt,,Helen Van Zandt / Амино [hvz_boils_amino] | Helen Van Zandt / Амино [hvz_pel_amino] | Helen Van Zandt / Амино [hvz_fpel_amino],Несколько семейств совпали с одинаковым приоритетом; автоматический выбор небезопасен
добавлено в каталог,несколько подходящих семейств,не выбрано точное семейство,bait,boils_hvz_bcur12,Чёрная смородина 12,sinking_boilies,van_zandt,,Helen Van Zandt / Чёрная смородина [hvz_boils_bcur] | Helen Van Zandt / Черная смородина [hvz_fpel_bcurrant],Несколько семейств совпали с одинаковым приоритетом; автоматический выбор небезопасен
добавлено в каталог,несколько подходящих семейств,не выбрано точное семейство,bait,boils_hvz_bcur15,Чёрная смородина 15,sinking_boilies,van_zandt,,Helen Van Zandt / Чёрная смородина [hvz_boils_bcur] | Helen Van Zandt / Черная смородина [hvz_fpel_bcurrant],Несколько семейств совпали с одинаковым приоритетом; автоматический выбор небезопасен
добавлено в каталог,несколько подходящих семейств,не выбрано точное семейство,bait,boils_hvz_bcur20,Чёрная смородина 20,sinking_boilies,van_zandt,,Helen Van Zandt / Чёрная смородина [hvz_boils_bcur] | Helen Van Zandt / Черная смородина [hvz_fpel_bcurrant],Несколько семейств совпали с одинаковым приоритетом; автоматический выбор небезопасен
добавлено в каталог,несколько подходящих семейств,не выбрано точное семейство,bait,boils_hvz_hs12,Клубника 12,sinking_boilies,van_zandt,,Helen Van Zandt / Клубника [hvz_boils_hs] | Helen Van Zandt / Клубника [hvz_fpel_strawb],Несколько семейств совпали с одинаковым приоритетом; автоматический выбор небезопасен
добавлено в каталог,несколько подходящих семейств,не выбрано точное семейство,bait,boils_hvz_hs15,Клубника 15,sinking_boilies,van_zandt,,Helen Van Zandt / Клубника [hvz_boils_hs] | Helen Van Zandt / Клубника [hvz_fpel_strawb],Несколько семейств совпали с одинаковым приоритетом; автоматический выбор небезопасен
добавлено в каталог,несколько подходящих семейств,не выбрано точное семейство,bait,boils_hvz_hs20,Клубника 20,sinking_boilies,van_zandt,,Helen Van Zandt / Клубника [hvz_boils_hs] | Helen Van Zandt / Клубника [hvz_fpel_strawb],Несколько семейств совпали с одинаковым приоритетом; автоматический выбор небезопасен
добавлено в каталог,несколько подходящих семейств,не выбрано точное семейство,bait,boils_hvz_kc15,Королевский краб 15,sinking_boilies,van_zandt,,Helen Van Zandt / Королевский краб [hvz_boils_kc] | Helen Van Zandt / Королевский краб [hvz_pel_crab] | Helen Van Zandt / Королевский краб [hvz_fpel_crab],Несколько семейств совпали с одинаковым приоритетом; автоматический выбор небезопасен
добавлено в каталог,несколько подходящих семейств,не выбрано точное семейство,bait,boils_hvz_kc18,Королевский краб 18,sinking_boilies,van_zandt,,Helen Van Zandt / Королевский краб [hvz_boils_kc] | Helen Van Zandt / Королевский краб [hvz_pel_crab] | Helen Van Zandt / Королевский краб [hvz_fpel_crab],Несколько семейств совпали с одинаковым приоритетом; автоматический выбор небезопасен
добавлено в каталог,несколько подходящих семейств,не выбрано точное семейство,bait,boils_hvz_kc24,Королевский краб 24,sinking_boilies,van_zandt,,Helen Van Zandt / Королевский краб [hvz_boils_kc] | Helen Van Zandt / Королевский краб [hvz_pel_crab] | Helen Van Zandt / Королевский краб [hvz_fpel_crab],Несколько семейств совпали с одинаковым приоритетом; автоматический выбор небезопасен
добавлено в каталог,несколько подходящих семейств,не выбрано точное семейство,bait,boils_hvz_ma15,Нежный анис 15,sinking_boilies,van_zandt,,Helen Van Zandt / Нежный анис [hvz_boils_ma] | Helen Van Zandt / Нежный анис [hvz_fpel_anis],Несколько семейств совпали с одинаковым приоритетом; автоматический выбор небезопасен
добавлено в каталог,несколько подходящих семейств,не выбрано точное семейство,bait,boils_hvz_ma20,Нежный анис 20,sinking_boilies,van_zandt,,Helen Van Zandt / Нежный анис [hvz_boils_ma] | Helen Van Zandt / Нежный анис [hvz_fpel_anis],Несколько семейств совпали с одинаковым приоритетом; автоматический выбор небезопасен
добавлено в каталог,несколько подходящих семейств,не выбрано точное семейство,bait,boils_hvz_mh15,Горный мёд 15,sinking_boilies,van_zandt,,Helen Van Zandt / Горный мёд [hvz_boils_mh] | Helen Van Zandt / Горный мед [hvz_fpel_honey],Несколько семейств совпали с одинаковым приоритетом; автоматический выбор небезопасен
добавлено в каталог,несколько подходящих семейств,не выбрано точное семейство,bait,boils_hvz_tf15,Тутти-Фрутти 15,sinking_boilies,van_zandt,,Helen Van Zandt / Тутти-Фрутти [hvz_boils_tf] | Helen Van Zandt / Тутти Фрутти [hvz_fpel_tutti],Несколько семейств совпали с одинаковым приоритетом; автоматический выбор небезопасен
добавлено в каталог,несколько подходящих семейств,не выбрано точное семейство,bait,boils_hvz_tf18,Тутти-Фрутти 18,sinking_boilies,van_zandt,,Helen Van Zandt / Тутти-Фрутти [hvz_boils_tf] | Helen Van Zandt / Тутти Фрутти [hvz_fpel_tutti],Несколько семейств совпали с одинаковым приоритетом; автоматический выбор небезопасен
добавлено в каталог,несколько подходящих семейств,не выбрано точное семейство,bait,boils_hvz_tf24,Тутти-Фрутти 24,sinking_boilies,van_zandt,,Helen Van Zandt / Тутти-Фрутти [hvz_boils_tf] | Helen Van Zandt / Тутти Фрутти [hvz_fpel_tutti],Несколько семейств совпали с одинаковым приоритетом; автоматический выбор небезопасен
добавлено в каталог,семейство не найдено,не назначено семейство,bait,boils_hvz_tp_pu12,Тропическй ананас Pop-Ups 12,pop_up_boilies,van_zandt,,,Название и подсказка бренда не совпали ни с одним семейством каталога
добавлено в каталог,семейство не найдено,не назначено семейство,bait,boils_hvz_tp_pu15,Тропическй ананас Pop-Ups 15,pop_up_boilies,van_zandt,,,Название и подсказка бренда не совпали ни с одним семейством каталога
добавлено в каталог,семейство не найдено,не назначено семейство,bait,boils_hvz_tp_pu20,Тропическй ананас Pop-Ups 20,pop_up_boilies,van_zandt,,,Название и подсказка бренда не совпали ни с одним семейством каталога
добавлено в каталог,несколько подходящих семейств,не выбрано точное семейство,bait,boils_hvz_van12,Ваниль 12,sinking_boilies,van_zandt,,Helen Van Zandt / Ваниль [hvz_boils_van] | Helen Van Zandt / Ваниль [hvz_pel_vanila],Несколько семейств совпали с одинаковым приоритетом; автоматический выбор небезопасен
добавлено в каталог,несколько подходящих семейств,не выбрано точное семейство,bait,boils_hvz_van16,Ваниль 16,sinking_boilies,van_zandt,,Helen Van Zandt / Ваниль [hvz_boils_van] | Helen Van Zandt / Ваниль [hvz_pel_vanila],Несколько семейств совпали с одинаковым приоритетом; автоматический выбор небезопасен
добавлено в каталог,несколько подходящих семейств,не выбрано точное семейство,bait,boils_hvz_van22,Ваниль 22,sinking_boilies,van_zandt,,Helen Van Zandt / Ваниль [hvz_boils_van] | Helen Van Zandt / Ваниль [hvz_pel_vanila],Несколько семейств совпали с одинаковым приоритетом; автоматический выбор небезопасен
добавлено в каталог,несколько подходящих семейств,не выбрано точное семейство,bait,boils_op_ban14,Банан 14,sinking_boilies,old_pal,,Old Pal / Банан [op_boils_ban] | Old Pal / Банан [op_fpel_banana],Несколько семейств совпали с одинаковым приоритетом; автоматический выбор небезопасен
добавлено в каталог,несколько подходящих семейств,не выбрано точное семейство,bait,boils_op_ban20,Банан 20,sinking_boilies,old_pal,,Old Pal / Банан [op_boils_ban] | Old Pal / Банан [op_fpel_banana],Несколько семейств совпали с одинаковым приоритетом; автоматический выбор небезопасен
добавлено в каталог,несколько подходящих семейств,не выбрано точное семейство,bait,boils_op_ban26,Банан 26,sinking_boilies,old_pal,,Old Pal / Банан [op_boils_ban] | Old Pal / Банан [op_fpel_banana],Несколько семейств совпали с одинаковым приоритетом; автоматический выбор небезопасен
добавлено в каталог,несколько подходящих семейств,не выбрано точное семейство,bait,boils_op_blw10,Мотыль 10,sinking_boilies,old_pal,,Old Pal / Мотыль [op_boils_blw] | Old Pal / Мотыль [op_fpel_bloodworm],Несколько семейств совпали с одинаковым приоритетом; автоматический выбор небезопасен
добавлено в каталог,несколько подходящих семейств,не выбрано точное семейство,bait,boils_op_blw14,Мотыль 14,sinking_boilies,old_pal,,Old Pal / Мотыль [op_boils_blw] | Old Pal / Мотыль [op_fpel_bloodworm],Несколько семейств совпали с одинаковым приоритетом; автоматический выбор небезопасен
добавлено в каталог,несколько подходящих семейств,не выбрано точное семейство,bait,boils_op_cc12,Кокос и сливки 12,sinking_boilies,old_pal,,Old Pal / Кокос и сливки [op_boils_cc] | Old Pal / Кокос и сливки [op_pellets_cocos] | Old Pal / Кокос и сливки [op_fpel_cococream],Несколько семейств совпали с одинаковым приоритетом; автоматический выбор небезопасен
добавлено в каталог,несколько подходящих семейств,не выбрано точное семейство,bait,boils_op_cc16,Кокос и сливки 16,sinking_boilies,old_pal,,Old Pal / Кокос и сливки [op_boils_cc] | Old Pal / Кокос и сливки [op_pellets_cocos] | Old Pal / Кокос и сливки [op_fpel_cococream],Несколько семейств совпали с одинаковым приоритетом; автоматический выбор небезопасен
добавлено в каталог,несколько подходящих семейств,не выбрано точное семейство,bait,boils_op_cc22,Кокос и сливки 22,sinking_boilies,old_pal,,Old Pal / Кокос и сливки [op_boils_cc] | Old Pal / Кокос и сливки [op_pellets_cocos] | Old Pal / Кокос и сливки [op_fpel_cococream],Несколько семейств совпали с одинаковым приоритетом; автоматический выбор небезопасен
добавлено в каталог,несколько подходящих семейств,не выбрано точное семейство,bait,boils_op_fwk14,Пресноводный криль 14,sinking_boilies,old_pal,,Old Pal / Пресноводный криль [op_boils_fwk] | Old Pal / Пресноводный криль [op_pellets_fwkrill],Несколько семейств совпали с одинаковым приоритетом; автоматический выбор небезопасен
добавлено в каталог,несколько подходящих семейств,не выбрано точное семейство,bait,boils_op_fwk18,Пресноводный криль 18,sinking_boilies,old_pal,,Old Pal / Пресноводный криль [op_boils_fwk] | Old Pal / Пресноводный криль [op_pellets_fwkrill],Несколько семейств совпали с одинаковым приоритетом; автоматический выбор небезопасен
добавлено в каталог,несколько подходящих семейств,не выбрано точное семейство,bait,boils_op_hal14,Палтус 14,sinking_boilies,old_pal,,Old Pal / Палтус [op_boils_hal] | Old Pal / Палтус [op_pellets_halib] | Old Pal / Палтус [op_fpel_halib],Несколько семейств совпали с одинаковым приоритетом; автоматический выбор небезопасен
добавлено в каталог,несколько подходящих семейств,не выбрано точное семейство,bait,boils_op_hal20,Палтус 20,sinking_boilies,old_pal,,Old Pal / Палтус [op_boils_hal] | Old Pal / Палтус [op_pellets_halib] | Old Pal / Палтус [op_fpel_halib],Несколько семейств совпали с одинаковым приоритетом; автоматический выбор небезопасен
добавлено в каталог,несколько подходящих семейств,не выбрано точное семейство,bait,boils_op_mc15,Мятный торт 15,sinking_boilies,old_pal,,Old Pal / Мятный торт [op_boils_mc] | Old Pal / Мятный торт [op_pellets_mint],Несколько семейств совпали с одинаковым приоритетом; автоматический выбор небезопасен
добавлено в каталог,несколько подходящих семейств,не выбрано точное семейство,bait,boils_op_mc20,Мятный торт 20,sinking_boilies,old_pal,,Old Pal / Мятный торт [op_boils_mc] | Old Pal / Мятный торт [op_pellets_mint],Несколько семейств совпали с одинаковым приоритетом; автоматический выбор небезопасен
добавлено в каталог,несколько подходящих семейств,не выбрано точное семейство,bait,boils_op_mc25,Мятный торт 25,sinking_boilies,old_pal,,Old Pal / Мятный торт [op_boils_mc] | Old Pal / Мятный торт [op_pellets_mint],Несколько семейств совпали с одинаковым приоритетом; автоматический выбор небезопасен
добавлено в каталог,несколько подходящих семейств,не выбрано точное семейство,bait,boils_op_rj15,Малиновый джем 15,sinking_boilies,old_pal,,Old Pal / Малиновый джем [op_boils_raspberryjam] | Old Pal / Малиновый джем [op_fpel_raspb],Несколько семейств совпали с одинаковым приоритетом; автоматический выбор небезопасен
добавлено в каталог,несколько подходящих семейств,не выбрано точное семейство,bait,boils_op_rj20,Малиновый джем 20,sinking_boilies,old_pal,,Old Pal / Малиновый джем [op_boils_raspberryjam] | Old Pal / Малиновый джем [op_fpel_raspb],Несколько семейств совпали с одинаковым приоритетом; автоматический выбор небезопасен
добавлено в каталог,несколько подходящих семейств,не выбрано точное семейство,bait,boils_op_rj25,Малиновый джем 25,sinking_boilies,old_pal,,Old Pal / Малиновый джем [op_boils_raspberryjam] | Old Pal / Малиновый джем [op_fpel_raspb],Несколько семейств совпали с одинаковым приоритетом; автоматический выбор небезопасен
добавлено в каталог,несколько подходящих семейств,не выбрано точное семейство,bait,boils_op_sc14,Сахарная кукуруза 14,sinking_boilies,old_pal,,Old Pal / Сахарная кукуруза [op_boils_sc] | Old Pal / Сахарная кукуруза [op_pellets_sweetcorn],Несколько семейств совпали с одинаковым приоритетом; автоматический выбор небезопасен
добавлено в каталог,несколько подходящих семейств,не выбрано точное семейство,bait,boils_op_sc20,Сахарная кукуруза 20,sinking_boilies,old_pal,,Old Pal / Сахарная кукуруза [op_boils_sc] | Old Pal / Сахарная кукуруза [op_pellets_sweetcorn],Несколько семейств совпали с одинаковым приоритетом; автоматический выбор небезопасен
добавлено в каталог,несколько подходящих семейств,не выбрано точное семейство,bait,boils_op_sc26,Сахарная кукуруза 26,sinking_boilies,old_pal,,Old Pal / Сахарная кукуруза [op_boils_sc] | Old Pal / Сахарная кукуруза [op_pellets_sweetcorn],Несколько семейств совпали с одинаковым приоритетом; автоматический выбор небезопасен
добавлено в каталог,несколько подходящих семейств,не выбрано точное семейство,bait,boils_op_sf14,Семена подсолнуха 14,sinking_boilies,old_pal,,Old Pal / Семена подсолнуха [op_boils_sf] | Old Pal / Семена подсолнуха [op_fpel_sunflow],Несколько семейств совпали с одинаковым приоритетом; автоматический выбор небезопасен
добавлено в каталог,несколько подходящих семейств,не выбрано точное семейство,bait,boils_op_sf20,Семена подсолнуха 20,sinking_boilies,old_pal,,Old Pal / Семена подсолнуха [op_boils_sf] | Old Pal / Семена подсолнуха [op_fpel_sunflow],Несколько семейств совпали с одинаковым приоритетом; автоматический выбор небезопасен
добавлено в каталог,несколько подходящих семейств,не выбрано точное семейство,bait,boils_op_sf26,Семена подсолнуха 26,sinking_boilies,old_pal,,Old Pal / Семена подсолнуха [op_boils_sf] | Old Pal / Семена подсолнуха [op_fpel_sunflow],Несколько семейств совпали с одинаковым приоритетом; автоматический выбор небезопасен
добавлено в каталог,несколько подходящих семейств,не выбрано точное семейство,bait,boils_op_smk14,Копчёности 14,sinking_boilies,old_pal,,Old Pal / Копчёности [op_boils_smk] | Old Pal / Копчёности [op_pellets_smoked] | Old Pal / Копчёности [op_fpel_smoked],Несколько семейств совпали с одинаковым приоритетом; автоматический выбор небезопасен
добавлено в каталог,несколько подходящих семейств,не выбрано точное семейство,bait,boils_op_smk20,Копчёности 20,sinking_boilies,old_pal,,Old Pal / Копчёности [op_boils_smk] | Old Pal / Копчёности [op_pellets_smoked] | Old Pal / Копчёности [op_fpel_smoked],Несколько семейств совпали с одинаковым приоритетом; автоматический выбор небезопасен
добавлено в каталог,несколько подходящих семейств,не выбрано точное семейство,bait,boils_op_smk30,Копчёности 30,sinking_boilies,old_pal,,Old Pal / Копчёности [op_boils_smk] | Old Pal / Копчёности [op_pellets_smoked] | Old Pal / Копчёности [op_fpel_smoked],Несколько семейств совпали с одинаковым приоритетом; автоматический выбор небезопасен
добавлено в каталог,несколько подходящих семейств,не выбрано точное семейство,bait,crn_cb_bfc,Банан,artificial_corn,craft_baits,,Old Pal / Банан [op_boils_ban] | Old Pal / Банан [op_fpel_banana],Несколько семейств совпали с одинаковым приоритетом; автоматический выбор небезопасен
добавлено в каталог,семейство не найдено,не назначено семейство,bait,crn_cb_cfc,Цитрусы,artificial_corn,craft_baits,,,Название и подсказка бренда не совпали ни с одним семейством каталога
добавлено в каталог,семейство не найдено,не назначено семейство,bait,crn_cb_ffc,Фрукты,artificial_corn,craft_baits,,,Название и подсказка бренда не совпали ни с одним семейством каталога
добавлено в каталог,семейство не найдено,не назначено семейство,bait,crn_cb_nfc_flr,Натуральный вкус FLR,artificial_corn,craft_baits,,,Название и подсказка бренда не совпали ни с одним семейством каталога
добавлено в каталог,семейство не найдено,не назначено семейство,bait,crn_cb_nfc_neo,Натуральный вкус NEO,artificial_corn,craft_baits,,,Название и подсказка бренда не совпали ни с одним семейством каталога
добавлено в каталог,семейство не найдено,не назначено семейство,bait,crn_cb_nfc_org,Натуральный вкус ORG,artificial_corn,craft_baits,,,Название и подсказка бренда не совпали ни с одним семейством каталога
добавлено в каталог,семейство не найдено,не назначено семейство,bait,crn_cb_nfc_red,Натуральный вкус RED,artificial_corn,craft_baits,,,Название и подсказка бренда не совпали ни с одним семейством каталога
добавлено в каталог,семейство не найдено,не назначено семейство,bait,crn_cb_nfc_ylw,Натуральный вкус YLW,artificial_corn,craft_baits,,,Название и подсказка бренда не совпали ни с одним семейством каталога
добавлено в каталог,семейство не найдено,не назначено семейство,bait,crn_cb_nfc_ylw2,Натуральный вкус YLW2,artificial_corn,craft_baits,,,Название и подсказка бренда не совпали ни с одним семейством каталога
добавлено в каталог,семейство не найдено,не назначено семейство,bait,crn_cb_rbfc,Малина,artificial_corn,craft_baits,,,Название и подсказка бренда не совпали ни с одним семейством каталога
добавлено в каталог,несколько подходящих семейств,не выбрано точное семейство,bait,crn_cb_sbfc,Клубника,artificial_corn,craft_baits,,Helen Van Zandt / Клубника [hvz_boils_hs] | Helen Van Zandt / Клубника [hvz_fpel_strawb],Несколько семейств совпали с одинаковым приоритетом; автоматический выбор небезопасен
добавлено в каталог,семейство не найдено,не назначено семейство,bait,crn_cb_sfc,Специи,artificial_corn,craft_baits,,,Название и подсказка бренда не совпали ни с одним семейством каталога
добавлено в каталог,семейство не найдено,не назначено семейство,bait,crn_cb_sqfc,Кальмар,artificial_corn,craft_baits,,,Название и подсказка бренда не совпали ни с одним семейством каталога
добавлено в каталог,несколько подходящих семейств,не выбрано точное семейство,bait,crn_op_bccp,Черная смородина Фиолетовый,artificial_corn,old_pal,,Helen Van Zandt / Чёрная смородина [hvz_boils_bcur] | Helen Van Zandt / Черная смородина [hvz_fpel_bcurrant] | Mad Mayers / Черная смородина [mad_boilies_bcurrant],Несколько семейств совпали с одинаковым приоритетом; автоматический выбор небезопасен
добавлено в каталог,несколько подходящих семейств,не выбрано точное семейство,bait,crn_op_bccy,Черная смородина Жёлтый,artificial_corn,old_pal,,Helen Van Zandt / Чёрная смородина [hvz_boils_bcur] | Helen Van Zandt / Черная смородина [hvz_fpel_bcurrant] | Mad Mayers / Черная смородина [mad_boilies_bcurrant],Несколько семейств совпали с одинаковым приоритетом; автоматический выбор небезопасен
добавлено в каталог,несколько подходящих семейств,не выбрано точное семейство,bait,crn_op_bcy,Банан,artificial_corn,old_pal,,Old Pal / Банан [op_boils_ban] | Old Pal / Банан [op_fpel_banana],Несколько семейств совпали с одинаковым приоритетом; автоматический выбор небезопасен
добавлено в каталог,семейство не найдено,не назначено семейство,bait,crn_op_cbcr,Клюква,artificial_corn,old_pal,,,Название и подсказка бренда не совпали ни с одним семейством каталога
добавлено в каталог,семейство не найдено,не назначено семейство,bait,crn_op_cccw,Кокосовый крем,artificial_corn,old_pal,,,Название и подсказка бренда не совпали ни с одним семейством каталога
добавлено в каталог,несколько подходящих семейств,не выбрано точное семейство,bait,crn_op_ccr,Икра Красный,artificial_corn,old_pal,,Craft Baits / Икра [cb_boilies_caviar] | Craft Baits / Икра [cb_pellets_caviar],Несколько семейств совпали с одинаковым приоритетом; автоматический выбор небезопасен
добавлено в каталог,несколько подходящих семейств,не выбрано точное семейство,bait,crn_op_ccy,Икра Жёлтый,artificial_corn,old_pal,,Craft Baits / Икра [cb_boilies_caviar] | Craft Baits / Икра [cb_pellets_caviar],Несколько семейств совпали с одинаковым приоритетом; автоматический выбор небезопасен
добавлено в каталог,семейство не найдено,не назначено семейство,bait,crn_op_ebcr,Ягодный микс,artificial_corn,old_pal,,,Название и подсказка бренда не совпали ни с одним семейством каталога
добавлено в каталог,семейство не найдено,не назначено семейство,bait,crn_op_mbcp,Шелковица Фиолетовый,artificial_corn,old_pal,,,Название и подсказка бренда не совпали ни с одним семейством каталога
добавлено в каталог,семейство не найдено,не назначено семейство,bait,crn_op_mbcy,Шелковица Жёлтый,artificial_corn,old_pal,,,Название и подсказка бренда не совпали ни с одним семейством каталога
добавлено в каталог,семейство не найдено,не назначено семейство,bait,crn_op_rbcp,Малина,artificial_corn,old_pal,,,Название и подсказка бренда не совпали ни с одним семейством каталога
добавлено в каталог,несколько подходящих семейств,не выбрано точное семейство,bait,crn_op_sbcr,Клубника,artificial_corn,old_pal,,Helen Van Zandt / Клубника [hvz_boils_hs] | Helen Van Zandt / Клубника [hvz_fpel_strawb],Несколько семейств совпали с одинаковым приоритетом; автоматический выбор небезопасен
добавлено в каталог,семейство не найдено,не назначено семейство,bait,crn_op_scn_f,Натуральный Флуоресцентный,artificial_corn,old_pal,,,Название и подсказка бренда не совпали ни с одним семейством каталога
добавлено в каталог,семейство не найдено,не назначено семейство,bait,crn_op_scn_g,Натуральный Зеленый,artificial_corn,old_pal,,,Название и подсказка бренда не совпали ни с одним семейством каталога
добавлено в каталог,семейство не найдено,не назначено семейство,bait,crn_op_scn_o,Натуральный Оранжевый,artificial_corn,old_pal,,,Название и подсказка бренда не совпали ни с одним семейством каталога
добавлено в каталог,семейство не найдено,не назначено семейство,bait,crn_op_scn_p,Натуральный Розовый,artificial_corn,old_pal,,,Название и подсказка бренда не совпали ни с одним семейством каталога
добавлено в каталог,семейство не найдено,не назначено семейство,bait,crn_op_scn_r,Натуральный Красный,artificial_corn,old_pal,,,Название и подсказка бренда не совпали ни с одним семейством каталога
добавлено в каталог,семейство не найдено,не назначено семейство,bait,crn_op_scn_w,Натуральный Белый,artificial_corn,old_pal,,,Название и подсказка бренда не совпали ни с одним семейством каталога
добавлено в каталог,семейство не найдено,не назначено семейство,bait,crn_op_scn_y,Натуральный Жёлтый,artificial_corn,old_pal,,,Название и подсказка бренда не совпали ни с одним семейством каталога
добавлено в каталог,семейство не найдено,не назначено семейство,bait,crn_op_scy,Пряности,artificial_corn,old_pal,,,Название и подсказка бренда не совпали ни с одним семейством каталога
добавлено в каталог,семейство не найдено,не назначено семейство,bait,crn_op_sqcr,Кальмар Красный,artificial_corn,old_pal,,,Название и подсказка бренда не совпали ни с одним семейством каталога
добавлено в каталог,семейство не найдено,не назначено семейство,bait,crn_op_sqcy,Кальмар Жёлтый,artificial_corn,old_pal,,,Название и подсказка бренда не совпали ни с одним семейством каталога
добавлено в каталог,несколько подходящих семейств,не выбрано точное семейство,bait,plt_cb_cvr14,Икра 14,pellets,craft_baits,,Craft Baits / Икра [cb_boilies_caviar] | Craft Baits / Икра [cb_pellets_caviar],Несколько семейств совпали с одинаковым приоритетом; автоматический выбор небезопасен
добавлено в каталог,несколько подходящих семейств,не выбрано точное семейство,bait,plt_cb_cvr18,Икра 18,pellets,craft_baits,,Craft Baits / Икра [cb_boilies_caviar] | Craft Baits / Икра [cb_pellets_caviar],Несколько семейств совпали с одинаковым приоритетом; автоматический выбор небезопасен
добавлено в каталог,несколько подходящих семейств,не выбрано точное семейство,bait,plt_cb_cvr24,Икра 24,pellets,craft_baits,,Craft Baits / Икра [cb_boilies_caviar] | Craft Baits / Икра [cb_pellets_caviar],Несколько семейств совпали с одинаковым приоритетом; автоматический выбор небезопасен
добавлено в каталог,несколько подходящих семейств,не выбрано точное семейство,bait,plt_cb_cwf14,Речной рак 14,pellets,craft_baits,,Craft Baits / Речной рак [cb_pellets_crawfish] | Craft Baits / Речной рак [cb_fpel_crawf],Несколько семейств совпали с одинаковым приоритетом; автоматический выбор небезопасен
добавлено в каталог,несколько подходящих семейств,не выбрано точное семейство,bait,plt_cb_cwf18,Речной рак 18,pellets,craft_baits,,Craft Baits / Речной рак [cb_pellets_crawfish] | Craft Baits / Речной рак [cb_fpel_crawf],Несколько семейств совпали с одинаковым приоритетом; автоматический выбор небезопасен
добавлено в каталог,несколько подходящих семейств,не выбрано точное семейство,bait,plt_cb_cwf24,Речной рак 24,pellets,craft_baits,,Craft Baits / Речной рак [cb_pellets_crawfish] | Craft Baits / Речной рак [cb_fpel_crawf],Несколько семейств совпали с одинаковым приоритетом; автоматический выбор небезопасен
добавлено в каталог,несколько подходящих семейств,не выбрано точное семейство,bait,plt_cb_sgp18,Пряный чеснок 18,pellets,craft_baits,,Craft Baits / Пряный чеснок [cb_pellets_spicygar] | Craft Baits / Пряный чеснок [cb_fpel_spgarlic],Несколько семейств совпали с одинаковым приоритетом; автоматический выбор небезопасен
добавлено в каталог,несколько подходящих семейств,не выбрано точное семейство,bait,plt_cb_sgp24,Пряный чеснок 24,pellets,craft_baits,,Craft Baits / Пряный чеснок [cb_pellets_spicygar] | Craft Baits / Пряный чеснок [cb_fpel_spgarlic],Несколько семейств совпали с одинаковым приоритетом; автоматический выбор небезопасен
добавлено в каталог,несколько подходящих семейств,не выбрано точное семейство,bait,plt_cb_sqh16,Кальмар и травы 16,pellets,craft_baits,,Craft Baits / Кальмар и травы [cb_pellets_squid] | Craft Baits / Кальмар и травы [cb_fpel_squid],Несколько семейств совпали с одинаковым приоритетом; автоматический выбор небезопасен
добавлено в каталог,несколько подходящих семейств,не выбрано точное семейство,bait,plt_cb_sqh22,Кальмар и травы 22,pellets,craft_baits,,Craft Baits / Кальмар и травы [cb_pellets_squid] | Craft Baits / Кальмар и травы [cb_fpel_squid],Несколько семейств совпали с одинаковым приоритетом; автоматический выбор небезопасен
добавлено в каталог,несколько подходящих семейств,не выбрано точное семейство,bait,plt_cb_sqh26,Кальмар и травы 26,pellets,craft_baits,,Craft Baits / Кальмар и травы [cb_pellets_squid] | Craft Baits / Кальмар и травы [cb_fpel_squid],Несколько семейств совпали с одинаковым приоритетом; автоматический выбор небезопасен
добавлено в каталог,несколько подходящих семейств,не выбрано точное семейство,bait,plt_hvz_ap14,Амино 14,pellets,van_zandt,,Helen Van Zandt / Амино [hvz_boils_amino] | Helen Van Zandt / Амино [hvz_pel_amino] | Helen Van Zandt / Амино [hvz_fpel_amino],Несколько семейств совпали с одинаковым приоритетом; автоматический выбор небезопасен
добавлено в каталог,несколько подходящих семейств,не выбрано точное семейство,bait,plt_hvz_ap18,Амино 18,pellets,van_zandt,,Helen Van Zandt / Амино [hvz_boils_amino] | Helen Van Zandt / Амино [hvz_pel_amino] | Helen Van Zandt / Амино [hvz_fpel_amino],Несколько семейств совпали с одинаковым приоритетом; автоматический выбор небезопасен
добавлено в каталог,несколько подходящих семейств,не выбрано точное семейство,bait,plt_hvz_ap24,Амино 24,pellets,van_zandt,,Helen Van Zandt / Амино [hvz_boils_amino] | Helen Van Zandt / Амино [hvz_pel_amino] | Helen Van Zandt / Амино [hvz_fpel_amino],Несколько семейств совпали с одинаковым приоритетом; автоматический выбор небезопасен
добавлено в каталог,несколько подходящих семейств,не выбрано точное семейство,bait,plt_hvz_ap8,Амино 8,pellets,van_zandt,,Helen Van Zandt / Амино [hvz_boils_amino] | Helen Van Zandt / Амино [hvz_pel_amino] | Helen Van Zandt / Амино [hvz_fpel_amino],Несколько семейств совпали с одинаковым приоритетом; автоматический выбор небезопасен
добавлено в каталог,несколько подходящих семейств,не выбрано точное семейство,bait,plt_hvz_kcp14,Королевский краб 14,pellets,van_zandt,,Helen Van Zandt / Королевский краб [hvz_boils_kc] | Helen Van Zandt / Королевский краб [hvz_pel_crab] | Helen Van Zandt / Королевский краб [hvz_fpel_crab],Несколько семейств совпали с одинаковым приоритетом; автоматический выбор небезопасен
добавлено в каталог,несколько подходящих семейств,не выбрано точное семейство,bait,plt_hvz_kcp18,Королевский краб 18,pellets,van_zandt,,Helen Van Zandt / Королевский краб [hvz_boils_kc] | Helen Van Zandt / Королевский краб [hvz_pel_crab] | Helen Van Zandt / Королевский краб [hvz_fpel_crab],Несколько семейств совпали с одинаковым приоритетом; автоматический выбор небезопасен
добавлено в каталог,несколько подходящих семейств,не выбрано точное семейство,bait,plt_hvz_kcp24,Королевский краб 24,pellets,van_zandt,,Helen Van Zandt / Королевский краб [hvz_boils_kc] | Helen Van Zandt / Королевский краб [hvz_pel_crab] | Helen Van Zandt / Королевский краб [hvz_fpel_crab],Несколько семейств совпали с одинаковым приоритетом; автоматический выбор небезопасен
добавлено в каталог,несколько подходящих семейств,не выбрано точное семейство,bait,plt_hvz_rkp14,Красный криль 14,pellets,van_zandt,,Helen Van Zandt / Красный криль [hvz_pel_krill] | Helen Van Zandt / Красный криль [hvz_fpel_krill],Несколько семейств совпали с одинаковым приоритетом; автоматический выбор небезопасен
добавлено в каталог,несколько подходящих семейств,не выбрано точное семейство,bait,plt_hvz_rkp18,Красный криль 18,pellets,van_zandt,,Helen Van Zandt / Красный криль [hvz_pel_krill] | Helen Van Zandt / Красный криль [hvz_fpel_krill],Несколько семейств совпали с одинаковым приоритетом; автоматический выбор небезопасен
добавлено в каталог,несколько подходящих семейств,не выбрано точное семейство,bait,plt_hvz_rkp8,Красный криль 8,pellets,van_zandt,,Helen Van Zandt / Красный криль [hvz_pel_krill] | Helen Van Zandt / Красный криль [hvz_fpel_krill],Несколько семейств совпали с одинаковым приоритетом; автоматический выбор небезопасен
добавлено в каталог,несколько подходящих семейств,не выбрано точное семейство,bait,plt_hvz_vp14,Ваниль 14,pellets,van_zandt,,Helen Van Zandt / Ваниль [hvz_boils_van] | Helen Van Zandt / Ваниль [hvz_pel_vanila],Несколько семейств совпали с одинаковым приоритетом; автоматический выбор небезопасен
добавлено в каталог,несколько подходящих семейств,не выбрано точное семейство,bait,plt_hvz_vp18,Ваниль 18,pellets,van_zandt,,Helen Van Zandt / Ваниль [hvz_boils_van] | Helen Van Zandt / Ваниль [hvz_pel_vanila],Несколько семейств совпали с одинаковым приоритетом; автоматический выбор небезопасен
добавлено в каталог,несколько подходящих семейств,не выбрано точное семейство,bait,plt_hvz_vp24,Ваниль 24,pellets,van_zandt,,Helen Van Zandt / Ваниль [hvz_boils_van] | Helen Van Zandt / Ваниль [hvz_pel_vanila],Несколько семейств совпали с одинаковым приоритетом; автоматический выбор небезопасен
добавлено в каталог,несколько подходящих семейств,не выбрано точное семейство,bait,plt_hvz_vp8,Ваниль 8,pellets,van_zandt,,Helen Van Zandt / Ваниль [hvz_boils_van] | Helen Van Zandt / Ваниль [hvz_pel_vanila],Несколько семейств совпали с одинаковым приоритетом; автоматический выбор небезопасен
добавлено в каталог,несколько подходящих семейств,не выбрано точное семейство,bait,plt_op_ccp14,Кокос и сливки 14,pellets,old_pal,,Old Pal / Кокос и сливки [op_boils_cc] | Old Pal / Кокос и сливки [op_pellets_cocos] | Old Pal / Кокос и сливки [op_fpel_cococream],Несколько семейств совпали с одинаковым приоритетом; автоматический выбор небезопасен
добавлено в каталог,несколько подходящих семейств,не выбрано точное семейство,bait,plt_op_ccp18,Кокос и сливки 18,pellets,old_pal,,Old Pal / Кокос и сливки [op_boils_cc] | Old Pal / Кокос и сливки [op_pellets_cocos] | Old Pal / Кокос и сливки [op_fpel_cococream],Несколько семейств совпали с одинаковым приоритетом; автоматический выбор небезопасен
добавлено в каталог,несколько подходящих семейств,не выбрано точное семейство,bait,plt_op_ccp25,Кокос и сливки 25,pellets,old_pal,,Old Pal / Кокос и сливки [op_boils_cc] | Old Pal / Кокос и сливки [op_pellets_cocos] | Old Pal / Кокос и сливки [op_fpel_cococream],Несколько семейств совпали с одинаковым приоритетом; автоматический выбор небезопасен
добавлено в каталог,несколько подходящих семейств,не выбрано точное семейство,bait,plt_op_ccp8,Кокос и сливки 8,pellets,old_pal,,Old Pal / Кокос и сливки [op_boils_cc] | Old Pal / Кокос и сливки [op_pellets_cocos] | Old Pal / Кокос и сливки [op_fpel_cococream],Несколько семейств совпали с одинаковым приоритетом; автоматический выбор небезопасен
добавлено в каталог,несколько подходящих семейств,не выбрано точное семейство,bait,plt_op_fkp10,Пресноводный криль 10,pellets,old_pal,,Old Pal / Пресноводный криль [op_boils_fwk] | Old Pal / Пресноводный криль [op_pellets_fwkrill],Несколько семейств совпали с одинаковым приоритетом; автоматический выбор небезопасен
добавлено в каталог,несколько подходящих семейств,не выбрано точное семейство,bait,plt_op_fkp14,Пресноводный криль 14,pellets,old_pal,,Old Pal / Пресноводный криль [op_boils_fwk] | Old Pal / Пресноводный криль [op_pellets_fwkrill],Несколько семейств совпали с одинаковым приоритетом; автоматический выбор небезопасен
добавлено в каталог,несколько подходящих семейств,не выбрано точное семейство,bait,plt_op_fkp18,Пресноводный криль 18,pellets,old_pal,,Old Pal / Пресноводный криль [op_boils_fwk] | Old Pal / Пресноводный криль [op_pellets_fwkrill],Несколько семейств совпали с одинаковым приоритетом; автоматический выбор небезопасен
добавлено в каталог,несколько подходящих семейств,не выбрано точное семейство,bait,plt_op_fkp25,Пресноводный криль 25,pellets,old_pal,,Old Pal / Пресноводный криль [op_boils_fwk] | Old Pal / Пресноводный криль [op_pellets_fwkrill],Несколько семейств совпали с одинаковым приоритетом; автоматический выбор небезопасен
добавлено в каталог,несколько подходящих семейств,не выбрано точное семейство,bait,plt_op_gcp14,Десерт из трав 14,pellets,old_pal,,Old Pal / Десерт из трав [op_pellets_grass] | Old Pal / Десерт из трав [op_fpel_grass],Несколько семейств совпали с одинаковым приоритетом; автоматический выбор небезопасен
добавлено в каталог,несколько подходящих семейств,не выбрано точное семейство,bait,plt_op_gcp18,Десерт из трав 18,pellets,old_pal,,Old Pal / Десерт из трав [op_pellets_grass] | Old Pal / Десерт из трав [op_fpel_grass],Несколько семейств совпали с одинаковым приоритетом; автоматический выбор небезопасен
добавлено в каталог,несколько подходящих семейств,не выбрано точное семейство,bait,plt_op_gcp25,Десерт из трав 25,pellets,old_pal,,Old Pal / Десерт из трав [op_pellets_grass] | Old Pal / Десерт из трав [op_fpel_grass],Несколько семейств совпали с одинаковым приоритетом; автоматический выбор небезопасен
добавлено в каталог,несколько подходящих семейств,не выбрано точное семейство,bait,plt_op_hbp14,Палтус 14,pellets,old_pal,,Old Pal / Палтус [op_boils_hal] | Old Pal / Палтус [op_pellets_halib] | Old Pal / Палтус [op_fpel_halib],Несколько семейств совпали с одинаковым приоритетом; автоматический выбор небезопасен
добавлено в каталог,несколько подходящих семейств,не выбрано точное семейство,bait,plt_op_hbp18,Палтус 18,pellets,old_pal,,Old Pal / Палтус [op_boils_hal] | Old Pal / Палтус [op_pellets_halib] | Old Pal / Палтус [op_fpel_halib],Несколько семейств совпали с одинаковым приоритетом; автоматический выбор небезопасен
добавлено в каталог,несколько подходящих семейств,не выбрано точное семейство,bait,plt_op_hbp25,Палтус 25,pellets,old_pal,,Old Pal / Палтус [op_boils_hal] | Old Pal / Палтус [op_pellets_halib] | Old Pal / Палтус [op_fpel_halib],Несколько семейств совпали с одинаковым приоритетом; автоматический выбор небезопасен
добавлено в каталог,семейство не найдено,не назначено семейство,bait,plt_op_mcp14,Мятный пряник 14,pellets,old_pal,,,Название и подсказка бренда не совпали ни с одним семейством каталога
добавлено в каталог,семейство не найдено,не назначено семейство,bait,plt_op_mcp18,Мятный пряник 18,pellets,old_pal,,,Название и подсказка бренда не совпали ни с одним семейством каталога
добавлено в каталог,семейство не найдено,не назначено семейство,bait,plt_op_mcp25,Мятный пряник 25,pellets,old_pal,,,Название и подсказка бренда не совпали ни с одним семейством каталога
добавлено в каталог,несколько подходящих семейств,не выбрано точное семейство,bait,plt_op_scr14,Сладкие сливки 14,pellets,old_pal,,Old Pal / Сладкие сливки [op_pellets_cream] | Old Pal / Сладкие сливки [op_fpel_cream],Несколько семейств совпали с одинаковым приоритетом; автоматический выбор небезопасен
добавлено в каталог,несколько подходящих семейств,не выбрано точное семейство,bait,plt_op_scr18,Сладкие сливки 18,pellets,old_pal,,Old Pal / Сладкие сливки [op_pellets_cream] | Old Pal / Сладкие сливки [op_fpel_cream],Несколько семейств совпали с одинаковым приоритетом; автоматический выбор небезопасен
добавлено в каталог,несколько подходящих семейств,не выбрано точное семейство,bait,plt_op_scr8,Сладкие сливки 8,pellets,old_pal,,Old Pal / Сладкие сливки [op_pellets_cream] | Old Pal / Сладкие сливки [op_fpel_cream],Несколько семейств совпали с одинаковым приоритетом; автоматический выбор небезопасен
добавлено в каталог,несколько подходящих семейств,не выбрано точное семейство,bait,plt_op_skp15,Копчености 15,pellets,old_pal,,Old Pal / Копчёности [op_boils_smk] | Old Pal / Копчёности [op_pellets_smoked] | Old Pal / Копчёности [op_fpel_smoked],Несколько семейств совпали с одинаковым приоритетом; автоматический выбор небезопасен
добавлено в каталог,несколько подходящих семейств,не выбрано точное семейство,bait,plt_op_skp18,Копчености 18,pellets,old_pal,,Old Pal / Копчёности [op_boils_smk] | Old Pal / Копчёности [op_pellets_smoked] | Old Pal / Копчёности [op_fpel_smoked],Несколько семейств совпали с одинаковым приоритетом; автоматический выбор небезопасен
добавлено в каталог,несколько подходящих семейств,не выбрано точное семейство,bait,plt_op_skp25,Копчености 25,pellets,old_pal,,Old Pal / Копчёности [op_boils_smk] | Old Pal / Копчёности [op_pellets_smoked] | Old Pal / Копчёности [op_fpel_smoked],Несколько семейств совпали с одинаковым приоритетом; автоматический выбор небезопасен
добавлено в каталог,семейство не найдено,не назначено семейство,lure,jhead_21045,DF Huge Jig RED 150,dead_fish_jigheads,berserk_hooks,,,Название и подсказка бренда не совпали ни с одним семейством каталога
добавлено в каталог,семейство не найдено,не назначено семейство,lure,jhead_21046,DF Huge Jig BLUE 150,dead_fish_jigheads,berserk_hooks,,,Название и подсказка бренда не совпали ни с одним семейством каталога
добавлено в каталог,семейство не найдено,не назначено семейство,lure,jhead_21047,DF Huge Jig GREEN 150,dead_fish_jigheads,berserk_hooks,,,Название и подсказка бренда не совпали ни с одним семейством каталога
добавлено в каталог,семейство не найдено,не назначено семейство,lure,jhead_21048,DF Huge Jig RED 350,dead_fish_jigheads,berserk_hooks,,,Название и подсказка бренда не совпали ни с одним семейством каталога
добавлено в каталог,семейство не найдено,не назначено семейство,lure,jhead_21049,DF Huge Jig BLUE 350,dead_fish_jigheads,berserk_hooks,,,Название и подсказка бренда не совпали ни с одним семейством каталога
добавлено в каталог,семейство не найдено,не назначено семейство,lure,jhead_21050,DF Huge Jig GREEN 350,dead_fish_jigheads,berserk_hooks,,,Название и подсказка бренда не совпали ни с одним семейством каталога
добавлено в каталог,семейство не найдено,не назначено семейство,lure,jhead_21051,DF Huge Jig RED 500,dead_fish_jigheads,berserk_hooks,,,Название и подсказка бренда не совпали ни с одним семейством каталога
добавлено в каталог,семейство не найдено,не назначено семейство,lure,jhead_21052,DF Huge Jig BLUE 500,dead_fish_jigheads,berserk_hooks,,,Название и подсказка бренда не совпали ни с одним семейством каталога
добавлено в каталог,семейство не найдено,не назначено семейство,lure,jhead_21053,DF Huge Jig GREEN 500,dead_fish_jigheads,berserk_hooks,,,Название и подсказка бренда не совпали ни с одним семейством каталога
добавлено в каталог,семейство не найдено,не назначено семейство,lure,jhead_21054,DF Huge Jig RED 750,dead_fish_jigheads,berserk_hooks,,,Название и подсказка бренда не совпали ни с одним семейством каталога
добавлено в каталог,семейство не найдено,не назначено семейство,lure,jhead_21055,DF Huge Jig BLUE 750,dead_fish_jigheads,berserk_hooks,,,Название и подсказка бренда не совпали ни с одним семейством каталога
добавлено в каталог,семейство не найдено,не назначено семейство,lure,jhead_21056,DF Huge Jig GREEN 750,dead_fish_jigheads,berserk_hooks,,,Название и подсказка бренда не совпали ни с одним семейством каталога
добавлено в каталог,семейство не найдено,не назначено семейство,lure,jhead_21080,DF Huge Jig PINK 150,dead_fish_jigheads,berserk_hooks,,,Название и подсказка бренда не совпали ни с одним семейством каталога
добавлено в каталог,семейство не найдено,не назначено семейство,lure,jhead_21081,DF Huge Jig SILVER 150,dead_fish_jigheads,berserk_hooks,,,Название и подсказка бренда не совпали ни с одним семейством каталога
добавлено в каталог,семейство не найдено,не назначено семейство,lure,jhead_21082,DF Huge Jig PINK 350,dead_fish_jigheads,berserk_hooks,,,Название и подсказка бренда не совпали ни с одним семейством каталога
добавлено в каталог,семейство не найдено,не назначено семейство,lure,jhead_21083,DF Huge Jig SILVER 350,dead_fish_jigheads,berserk_hooks,,,Название и подсказка бренда не совпали ни с одним семейством каталога
добавлено в каталог,семейство не найдено,не назначено семейство,lure,jhead_21084,DF Huge Jig PINK 500,dead_fish_jigheads,berserk_hooks,,,Название и подсказка бренда не совпали ни с одним семейством каталога
добавлено в каталог,семейство не найдено,не назначено семейство,lure,jhead_21085,DF Huge Jig SILVER 500,dead_fish_jigheads,berserk_hooks,,,Название и подсказка бренда не совпали ни с одним семейством каталога
добавлено в каталог,семейство не найдено,не назначено семейство,lure,jhead_21086,DF Huge Jig PINK 750,dead_fish_jigheads,berserk_hooks,,,Название и подсказка бренда не совпали ни с одним семейством каталога
добавлено в каталог,семейство не найдено,не назначено семейство,lure,jhead_21087,DF Huge Jig SILVER 750,dead_fish_jigheads,berserk_hooks,,,Название и подсказка бренда не совпали ни с одним семейством каталога
добавлено в каталог,семейство не найдено,не назначено семейство,lure,jhead_21025,GigaJig head FR 280,dead_fish_jigheads,cobra,,,Название и подсказка бренда не совпали ни с одним семейством каталога
добавлено в каталог,семейство не найдено,не назначено семейство,lure,jhead_21026,GigaJig head BLU 280,dead_fish_jigheads,cobra,,,Название и подсказка бренда не совпали ни с одним семейством каталога
добавлено в каталог,семейство не найдено,не назначено семейство,lure,jhead_21027,GigaJig head ROS 280,dead_fish_jigheads,cobra,,,Название и подсказка бренда не совпали ни с одним семейством каталога
добавлено в каталог,семейство не найдено,не назначено семейство,lure,jhead_21028,GigaJig head GR 280,dead_fish_jigheads,cobra,,,Название и подсказка бренда не совпали ни с одним семейством каталога
добавлено в каталог,семейство не найдено,не назначено семейство,lure,jhead_21029,GigaJig head NAT 280,dead_fish_jigheads,cobra,,,Название и подсказка бренда не совпали ни с одним семейством каталога
добавлено в каталог,семейство не найдено,не назначено семейство,lure,jhead_21030,GigaJig head FR 380,dead_fish_jigheads,cobra,,,Название и подсказка бренда не совпали ни с одним семейством каталога
добавлено в каталог,семейство не найдено,не назначено семейство,lure,jhead_21031,GigaJig head BLU 380,dead_fish_jigheads,cobra,,,Название и подсказка бренда не совпали ни с одним семейством каталога
добавлено в каталог,семейство не найдено,не назначено семейство,lure,jhead_21032,GigaJig head ROS 380,dead_fish_jigheads,cobra,,,Название и подсказка бренда не совпали ни с одним семейством каталога
добавлено в каталог,семейство не найдено,не назначено семейство,lure,jhead_21033,GigaJig head GR 380,dead_fish_jigheads,cobra,,,Название и подсказка бренда не совпали ни с одним семейством каталога
добавлено в каталог,семейство не найдено,не назначено семейство,lure,jhead_21034,GigaJig head NAT 380,dead_fish_jigheads,cobra,,,Название и подсказка бренда не совпали ни с одним семейством каталога
добавлено в каталог,семейство не найдено,не назначено семейство,lure,jhead_21035,GigaJig head FR 500,dead_fish_jigheads,cobra,,,Название и подсказка бренда не совпали ни с одним семейством каталога
добавлено в каталог,семейство не найдено,не назначено семейство,lure,jhead_21036,GigaJig head BLU 500,dead_fish_jigheads,cobra,,,Название и подсказка бренда не совпали ни с одним семейством каталога
добавлено в каталог,семейство не найдено,не назначено семейство,lure,jhead_21037,GigaJig head ROS 500,dead_fish_jigheads,cobra,,,Название и подсказка бренда не совпали ни с одним семейством каталога
добавлено в каталог,семейство не найдено,не назначено семейство,lure,jhead_21038,GigaJig head GR 500,dead_fish_jigheads,cobra,,,Название и подсказка бренда не совпали ни с одним семейством каталога
добавлено в каталог,семейство не найдено,не назначено семейство,lure,jhead_21039,GigaJig head NAT 500,dead_fish_jigheads,cobra,,,Название и подсказка бренда не совпали ни с одним семейством каталога
добавлено в каталог,семейство не найдено,не назначено семейство,lure,jhead_21040,GigaJig head FR 700,dead_fish_jigheads,cobra,,,Название и подсказка бренда не совпали ни с одним семейством каталога
добавлено в каталог,семейство не найдено,не назначено семейство,lure,jhead_21041,GigaJig head BLU 700,dead_fish_jigheads,cobra,,,Название и подсказка бренда не совпали ни с одним семейством каталога
добавлено в каталог,семейство не найдено,не назначено семейство,lure,jhead_21042,GigaJig head ROS 700,dead_fish_jigheads,cobra,,,Название и подсказка бренда не совпали ни с одним семейством каталога
добавлено в каталог,семейство не найдено,не назначено семейство,lure,jhead_21043,GigaJig head GR 700,dead_fish_jigheads,cobra,,,Название и подсказка бренда не совпали ни с одним семейством каталога
добавлено в каталог,семейство не найдено,не назначено семейство,lure,jhead_21044,GigaJig head NAT 700,dead_fish_jigheads,cobra,,,Название и подсказка бренда не совпали ни с одним семейством каталога
добавлено в каталог,семейство не найдено,не назначено семейство,lure,hm_jerk_f_100f_001_hq,Wooden Jerk-Fat 100F-001,jerkbaits,Handmade,,,Название и подсказка бренда не совпали ни с одним семейством каталога
добавлено в каталог,семейство не найдено,не назначено семейство,lure,hm_jerk_f_100f_001_lq,Wooden Jerk-Fat 100F-001,jerkbaits,Handmade,,,Название и подсказка бренда не совпали ни с одним семейством каталога
добавлено в каталог,семейство не найдено,не назначено семейство,lure,hm_jerk_f_100f_001_mq,Wooden Jerk-Fat 100F-001,jerkbaits,Handmade,,,Название и подсказка бренда не совпали ни с одним семейством каталога
добавлено в каталог,семейство не найдено,не назначено семейство,lure,hm_jerk_f_100f_002_hq,Wooden Jerk-Fat 100F-002,jerkbaits,Handmade,,,Название и подсказка бренда не совпали ни с одним семейством каталога
добавлено в каталог,семейство не найдено,не назначено семейство,lure,hm_jerk_f_100f_002_lq,Wooden Jerk-Fat 100F-002,jerkbaits,Handmade,,,Название и подсказка бренда не совпали ни с одним семейством каталога
добавлено в каталог,семейство не найдено,не назначено семейство,lure,hm_jerk_f_100f_002_mq,Wooden Jerk-Fat 100F-002,jerkbaits,Handmade,,,Название и подсказка бренда не совпали ни с одним семейством каталога
добавлено в каталог,семейство не найдено,не назначено семейство,lure,hm_jerk_f_100f_003_hq,Wooden Jerk-Fat 100F-003,jerkbaits,Handmade,,,Название и подсказка бренда не совпали ни с одним семейством каталога
добавлено в каталог,семейство не найдено,не назначено семейство,lure,hm_jerk_f_100f_003_lq,Wooden Jerk-Fat 100F-003,jerkbaits,Handmade,,,Название и подсказка бренда не совпали ни с одним семейством каталога
добавлено в каталог,семейство не найдено,не назначено семейство,lure,hm_jerk_f_100f_003_mq,Wooden Jerk-Fat 100F-003,jerkbaits,Handmade,,,Название и подсказка бренда не совпали ни с одним семейством каталога
добавлено в каталог,семейство не найдено,не назначено семейство,lure,hm_jerk_f_100f_004_hq,Wooden Jerk-Fat 100F-004,jerkbaits,Handmade,,,Название и подсказка бренда не совпали ни с одним семейством каталога
добавлено в каталог,семейство не найдено,не назначено семейство,lure,hm_jerk_f_100f_004_lq,Wooden Jerk-Fat 100F-004,jerkbaits,Handmade,,,Название и подсказка бренда не совпали ни с одним семейством каталога
добавлено в каталог,семейство не найдено,не назначено семейство,lure,hm_jerk_f_100f_004_mq,Wooden Jerk-Fat 100F-004,jerkbaits,Handmade,,,Название и подсказка бренда не совпали ни с одним семейством каталога
добавлено в каталог,семейство не найдено,не назначено семейство,lure,hm_jerk_f_100f_005_hq,Wooden Jerk-Fat 100F-005,jerkbaits,Handmade,,,Название и подсказка бренда не совпали ни с одним семейством каталога
добавлено в каталог,семейство не найдено,не назначено семейство,lure,hm_jerk_f_100f_005_lq,Wooden Jerk-Fat 100F-005,jerkbaits,Handmade,,,Название и подсказка бренда не совпали ни с одним семейством каталога
добавлено в каталог,семейство не найдено,не назначено семейство,lure,hm_jerk_f_100f_005_mq,Wooden Jerk-Fat 100F-005,jerkbaits,Handmade,,,Название и подсказка бренда не совпали ни с одним семейством каталога
добавлено в каталог,семейство не найдено,не назначено семейство,lure,hm_jerk_f_140f_001_hq,Wooden Jerk-Fat 140F-001,jerkbaits,Handmade,,,Название и подсказка бренда не совпали ни с одним семейством каталога
добавлено в каталог,семейство не найдено,не назначено семейство,lure,hm_jerk_f_140f_001_lq,Wooden Jerk-Fat 140F-001,jerkbaits,Handmade,,,Название и подсказка бренда не совпали ни с одним семейством каталога
добавлено в каталог,семейство не найдено,не назначено семейство,lure,hm_jerk_f_140f_001_mq,Wooden Jerk-Fat 140F-001,jerkbaits,Handmade,,,Название и подсказка бренда не совпали ни с одним семейством каталога
добавлено в каталог,семейство не найдено,не назначено семейство,lure,hm_jerk_f_140f_002_hq,Wooden Jerk-Fat 140F-002,jerkbaits,Handmade,,,Название и подсказка бренда не совпали ни с одним семейством каталога
добавлено в каталог,семейство не найдено,не назначено семейство,lure,hm_jerk_f_140f_002_lq,Wooden Jerk-Fat 140F-002,jerkbaits,Handmade,,,Название и подсказка бренда не совпали ни с одним семейством каталога
добавлено в каталог,семейство не найдено,не назначено семейство,lure,hm_jerk_f_140f_002_mq,Wooden Jerk-Fat 140F-002,jerkbaits,Handmade,,,Название и подсказка бренда не совпали ни с одним семейством каталога
добавлено в каталог,семейство не найдено,не назначено семейство,lure,hm_jerk_f_140f_003_hq,Wooden Jerk-Fat 140F-003,jerkbaits,Handmade,,,Название и подсказка бренда не совпали ни с одним семейством каталога
добавлено в каталог,семейство не найдено,не назначено семейство,lure,hm_jerk_f_140f_003_lq,Wooden Jerk-Fat 140F-003,jerkbaits,Handmade,,,Название и подсказка бренда не совпали ни с одним семейством каталога
добавлено в каталог,семейство не найдено,не назначено семейство,lure,hm_jerk_f_140f_003_mq,Wooden Jerk-Fat 140F-003,jerkbaits,Handmade,,,Название и подсказка бренда не совпали ни с одним семейством каталога
добавлено в каталог,семейство не найдено,не назначено семейство,lure,hm_jerk_f_140f_004_hq,Wooden Jerk-Fat 140F-004,jerkbaits,Handmade,,,Название и подсказка бренда не совпали ни с одним семейством каталога
добавлено в каталог,семейство не найдено,не назначено семейство,lure,hm_jerk_f_140f_004_lq,Wooden Jerk-Fat 140F-004,jerkbaits,Handmade,,,Название и подсказка бренда не совпали ни с одним семейством каталога
добавлено в каталог,семейство не найдено,не назначено семейство,lure,hm_jerk_f_140f_004_mq,Wooden Jerk-Fat 140F-004,jerkbaits,Handmade,,,Название и подсказка бренда не совпали ни с одним семейством каталога
добавлено в каталог,семейство не найдено,не назначено семейство,lure,hm_jerk_f_140f_005_hq,Wooden Jerk-Fat 140F-005,jerkbaits,Handmade,,,Название и подсказка бренда не совпали ни с одним семейством каталога
добавлено в каталог,семейство не найдено,не назначено семейство,lure,hm_jerk_f_140f_005_lq,Wooden Jerk-Fat 140F-005,jerkbaits,Handmade,,,Название и подсказка бренда не совпали ни с одним семейством каталога
добавлено в каталог,семейство не найдено,не назначено семейство,lure,hm_jerk_f_140f_005_mq,Wooden Jerk-Fat 140F-005,jerkbaits,Handmade,,,Название и подсказка бренда не совпали ни с одним семейством каталога
добавлено в каталог,семейство не найдено,не назначено семейство,lure,hm_jerk_s_110f_001_hq,Wooden Jerk-Slim 110F-001,jerkbaits,Handmade,,,Название и подсказка бренда не совпали ни с одним семейством каталога
добавлено в каталог,семейство не найдено,не назначено семейство,lure,hm_jerk_s_110f_001_lq,Wooden Jerk-Slim 110F-001,jerkbaits,Handmade,,,Название и подсказка бренда не совпали ни с одним семейством каталога
добавлено в каталог,семейство не найдено,не назначено семейство,lure,hm_jerk_s_110f_001_mq,Wooden Jerk-Slim 110F-001,jerkbaits,Handmade,,,Название и подсказка бренда не совпали ни с одним семейством каталога
добавлено в каталог,семейство не найдено,не назначено семейство,lure,hm_jerk_s_110f_002_hq,Wooden Jerk-Slim 110F-002,jerkbaits,Handmade,,,Название и подсказка бренда не совпали ни с одним семейством каталога
добавлено в каталог,семейство не найдено,не назначено семейство,lure,hm_jerk_s_110f_002_lq,Wooden Jerk-Slim 110F-002,jerkbaits,Handmade,,,Название и подсказка бренда не совпали ни с одним семейством каталога
добавлено в каталог,семейство не найдено,не назначено семейство,lure,hm_jerk_s_110f_002_mq,Wooden Jerk-Slim 110F-002,jerkbaits,Handmade,,,Название и подсказка бренда не совпали ни с одним семейством каталога
добавлено в каталог,семейство не найдено,не назначено семейство,lure,hm_jerk_s_110f_003_hq,Wooden Jerk-Slim 110F-003,jerkbaits,Handmade,,,Название и подсказка бренда не совпали ни с одним семейством каталога
добавлено в каталог,семейство не найдено,не назначено семейство,lure,hm_jerk_s_110f_003_lq,Wooden Jerk-Slim 110F-003,jerkbaits,Handmade,,,Название и подсказка бренда не совпали ни с одним семейством каталога
добавлено в каталог,семейство не найдено,не назначено семейство,lure,hm_jerk_s_110f_003_mq,Wooden Jerk-Slim 110F-003,jerkbaits,Handmade,,,Название и подсказка бренда не совпали ни с одним семейством каталога
добавлено в каталог,семейство не найдено,не назначено семейство,lure,hm_jerk_s_110f_004_hq,Wooden Jerk-Slim 110F-004,jerkbaits,Handmade,,,Название и подсказка бренда не совпали ни с одним семейством каталога
добавлено в каталог,семейство не найдено,не назначено семейство,lure,hm_jerk_s_110f_004_lq,Wooden Jerk-Slim 110F-004,jerkbaits,Handmade,,,Название и подсказка бренда не совпали ни с одним семейством каталога
добавлено в каталог,семейство не найдено,не назначено семейство,lure,hm_jerk_s_110f_004_mq,Wooden Jerk-Slim 110F-004,jerkbaits,Handmade,,,Название и подсказка бренда не совпали ни с одним семейством каталога
добавлено в каталог,семейство не найдено,не назначено семейство,lure,hm_jerk_s_110f_005_hq,Wooden Jerk-Slim 110F-005,jerkbaits,Handmade,,,Название и подсказка бренда не совпали ни с одним семейством каталога
добавлено в каталог,семейство не найдено,не назначено семейство,lure,hm_jerk_s_110f_005_lq,Wooden Jerk-Slim 110F-005,jerkbaits,Handmade,,,Название и подсказка бренда не совпали ни с одним семейством каталога
добавлено в каталог,семейство не найдено,не назначено семейство,lure,hm_jerk_s_110f_005_mq,Wooden Jerk-Slim 110F-005,jerkbaits,Handmade,,,Название и подсказка бренда не совпали ни с одним семейством каталога
добавлено в каталог,семейство не найдено,не назначено семейство,lure,hm_jerk_s_170f_001_hq,Wooden Jerk-Slim 170F-001,jerkbaits,Handmade,,,Название и подсказка бренда не совпали ни с одним семейством каталога
добавлено в каталог,семейство не найдено,не назначено семейство,lure,hm_jerk_s_170f_001_lq,Wooden Jerk-Slim 170F-001,jerkbaits,Handmade,,,Название и подсказка бренда не совпали ни с одним семейством каталога
добавлено в каталог,семейство не найдено,не назначено семейство,lure,hm_jerk_s_170f_001_mq,Wooden Jerk-Slim 170F-001,jerkbaits,Handmade,,,Название и подсказка бренда не совпали ни с одним семейством каталога
добавлено в каталог,семейство не найдено,не назначено семейство,lure,hm_jerk_s_170f_002_hq,Wooden Jerk-Slim 170F-002,jerkbaits,Handmade,,,Название и подсказка бренда не совпали ни с одним семейством каталога
добавлено в каталог,семейство не найдено,не назначено семейство,lure,hm_jerk_s_170f_002_lq,Wooden Jerk-Slim 170F-002,jerkbaits,Handmade,,,Название и подсказка бренда не совпали ни с одним семейством каталога
добавлено в каталог,семейство не найдено,не назначено семейство,lure,hm_jerk_s_170f_002_mq,Wooden Jerk-Slim 170F-002,jerkbaits,Handmade,,,Название и подсказка бренда не совпали ни с одним семейством каталога
добавлено в каталог,семейство не найдено,не назначено семейство,lure,hm_jerk_s_170f_003_hq,Wooden Jerk-Slim 170F-003,jerkbaits,Handmade,,,Название и подсказка бренда не совпали ни с одним семейством каталога
добавлено в каталог,семейство не найдено,не назначено семейство,lure,hm_jerk_s_170f_003_lq,Wooden Jerk-Slim 170F-003,jerkbaits,Handmade,,,Название и подсказка бренда не совпали ни с одним семейством каталога
добавлено в каталог,семейство не найдено,не назначено семейство,lure,hm_jerk_s_170f_003_mq,Wooden Jerk-Slim 170F-003,jerkbaits,Handmade,,,Название и подсказка бренда не совпали ни с одним семейством каталога
добавлено в каталог,семейство не найдено,не назначено семейство,lure,hm_jerk_s_170f_004_hq,Wooden Jerk-Slim 170F-004,jerkbaits,Handmade,,,Название и подсказка бренда не совпали ни с одним семейством каталога
добавлено в каталог,семейство не найдено,не назначено семейство,lure,hm_jerk_s_170f_004_lq,Wooden Jerk-Slim 170F-004,jerkbaits,Handmade,,,Название и подсказка бренда не совпали ни с одним семейством каталога
добавлено в каталог,семейство не найдено,не назначено семейство,lure,hm_jerk_s_170f_004_mq,Wooden Jerk-Slim 170F-004,jerkbaits,Handmade,,,Название и подсказка бренда не совпали ни с одним семейством каталога
добавлено в каталог,семейство не найдено,не назначено семейство,lure,hm_jerk_s_170f_005_hq,Wooden Jerk-Slim 170F-005,jerkbaits,Handmade,,,Название и подсказка бренда не совпали ни с одним семейством каталога
добавлено в каталог,семейство не найдено,не назначено семейство,lure,hm_jerk_s_170f_005_lq,Wooden Jerk-Slim 170F-005,jerkbaits,Handmade,,,Название и подсказка бренда не совпали ни с одним семейством каталога
добавлено в каталог,семейство не найдено,не назначено семейство,lure,hm_jerk_s_170f_005_mq,Wooden Jerk-Slim 170F-005,jerkbaits,Handmade,,,Название и подсказка бренда не совпали ни с одним семейством каталога
добавлено в каталог,семейство не найдено,не назначено семейство,lure,hm_shad_140f_001_hq,Balsa Shad 140F-001,wobblers,Handmade,,,Название и подсказка бренда не совпали ни с одним семейством каталога
добавлено в каталог,семейство не найдено,не назначено семейство,lure,hm_shad_140f_001_lq,Balsa Shad 140F-001,wobblers,Handmade,,,Название и подсказка бренда не совпали ни с одним семейством каталога
добавлено в каталог,семейство не найдено,не назначено семейство,lure,hm_shad_140f_001_mq,Balsa Shad 140F-001,wobblers,Handmade,,,Название и подсказка бренда не совпали ни с одним семейством каталога
добавлено в каталог,семейство не найдено,не назначено семейство,lure,hm_shad_140f_002_hq,Balsa Shad 140F-002,wobblers,Handmade,,,Название и подсказка бренда не совпали ни с одним семейством каталога
добавлено в каталог,семейство не найдено,не назначено семейство,lure,hm_shad_140f_002_lq,Balsa Shad 140F-002,wobblers,Handmade,,,Название и подсказка бренда не совпали ни с одним семейством каталога
добавлено в каталог,семейство не найдено,не назначено семейство,lure,hm_shad_140f_002_mq,Balsa Shad 140F-002,wobblers,Handmade,,,Название и подсказка бренда не совпали ни с одним семейством каталога
добавлено в каталог,семейство не найдено,не назначено семейство,lure,hm_shad_140f_003_hq,Balsa Shad 140F-003,wobblers,Handmade,,,Название и подсказка бренда не совпали ни с одним семейством каталога
добавлено в каталог,семейство не найдено,не назначено семейство,lure,hm_shad_140f_003_lq,Balsa Shad 140F-003,wobblers,Handmade,,,Название и подсказка бренда не совпали ни с одним семейством каталога
добавлено в каталог,семейство не найдено,не назначено семейство,lure,hm_shad_140f_003_mq,Balsa Shad 140F-003,wobblers,Handmade,,,Название и подсказка бренда не совпали ни с одним семейством каталога
добавлено в каталог,семейство не найдено,не назначено семейство,lure,hm_shad_140f_004_hq,Balsa Shad 140F-004,wobblers,Handmade,,,Название и подсказка бренда не совпали ни с одним семейством каталога
добавлено в каталог,семейство не найдено,не назначено семейство,lure,hm_shad_140f_004_lq,Balsa Shad 140F-004,wobblers,Handmade,,,Название и подсказка бренда не совпали ни с одним семейством каталога
добавлено в каталог,семейство не найдено,не назначено семейство,lure,hm_shad_140f_004_mq,Balsa Shad 140F-004,wobblers,Handmade,,,Название и подсказка бренда не совпали ни с одним семейством каталога
добавлено в каталог,семейство не найдено,не назначено семейство,lure,hm_shad_140f_005_hq,Balsa Shad 140F-005,wobblers,Handmade,,,Название и подсказка бренда не совпали ни с одним семейством каталога
добавлено в каталог,семейство не найдено,не назначено семейство,lure,hm_shad_140f_005_lq,Balsa Shad 140F-005,wobblers,Handmade,,,Название и подсказка бренда не совпали ни с одним семейством каталога
добавлено в каталог,семейство не найдено,не назначено семейство,lure,hm_shad_140f_005_mq,Balsa Shad 140F-005,wobblers,Handmade,,,Название и подсказка бренда не совпали ни с одним семейством каталога
добавлено в каталог,семейство не найдено,не назначено семейство,lure,hm_shad_140f_006_hq,Balsa Shad 140F-006,wobblers,Handmade,,,Название и подсказка бренда не совпали ни с одним семейством каталога
добавлено в каталог,семейство не найдено,не назначено семейство,lure,hm_shad_140f_006_lq,Balsa Shad 140F-006,wobblers,Handmade,,,Название и подсказка бренда не совпали ни с одним семейством каталога
добавлено в каталог,семейство не найдено,не назначено семейство,lure,hm_shad_140f_006_mq,Balsa Shad 140F-006,wobblers,Handmade,,,Название и подсказка бренда не совпали ни с одним семейством каталога
добавлено в каталог,семейство не найдено,не назначено семейство,lure,hm_shad_60f_001_hq,Balsa Shad 60F-001,wobblers,Handmade,,,Название и подсказка бренда не совпали ни с одним семейством каталога
добавлено в каталог,семейство не найдено,не назначено семейство,lure,hm_shad_60f_001_lq,Balsa Shad 60F-001,wobblers,Handmade,,,Название и подсказка бренда не совпали ни с одним семейством каталога
добавлено в каталог,семейство не найдено,не назначено семейство,lure,hm_shad_60f_001_mq,Balsa Shad 60F-001,wobblers,Handmade,,,Название и подсказка бренда не совпали ни с одним семейством каталога
добавлено в каталог,семейство не найдено,не назначено семейство,lure,hm_shad_60f_002_hq,Balsa Shad 60F-002,wobblers,Handmade,,,Название и подсказка бренда не совпали ни с одним семейством каталога
добавлено в каталог,семейство не найдено,не назначено семейство,lure,hm_shad_60f_002_lq,Balsa Shad 60F-002,wobblers,Handmade,,,Название и подсказка бренда не совпали ни с одним семейством каталога
добавлено в каталог,семейство не найдено,не назначено семейство,lure,hm_shad_60f_002_mq,Balsa Shad 60F-002,wobblers,Handmade,,,Название и подсказка бренда не совпали ни с одним семейством каталога
добавлено в каталог,семейство не найдено,не назначено семейство,lure,hm_shad_60f_003_hq,Balsa Shad 60F-003,wobblers,Handmade,,,Название и подсказка бренда не совпали ни с одним семейством каталога
добавлено в каталог,семейство не найдено,не назначено семейство,lure,hm_shad_60f_003_lq,Balsa Shad 60F-003,wobblers,Handmade,,,Название и подсказка бренда не совпали ни с одним семейством каталога
добавлено в каталог,семейство не найдено,не назначено семейство,lure,hm_shad_60f_003_mq,Balsa Shad 60F-003,wobblers,Handmade,,,Название и подсказка бренда не совпали ни с одним семейством каталога
добавлено в каталог,семейство не найдено,не назначено семейство,lure,hm_shad_60f_004_hq,Balsa Shad 60F-004,wobblers,Handmade,,,Название и подсказка бренда не совпали ни с одним семейством каталога
добавлено в каталог,семейство не найдено,не назначено семейство,lure,hm_shad_60f_004_lq,Balsa Shad 60F-004,wobblers,Handmade,,,Название и подсказка бренда не совпали ни с одним семейством каталога
добавлено в каталог,семейство не найдено,не назначено семейство,lure,hm_shad_60f_004_mq,Balsa Shad 60F-004,wobblers,Handmade,,,Название и подсказка бренда не совпали ни с одним семейством каталога
добавлено в каталог,семейство не найдено,не назначено семейство,lure,hm_shad_60f_005_hq,Balsa Shad 60F-005,wobblers,Handmade,,,Название и подсказка бренда не совпали ни с одним семейством каталога
добавлено в каталог,семейство не найдено,не назначено семейство,lure,hm_shad_60f_005_lq,Balsa Shad 60F-005,wobblers,Handmade,,,Название и подсказка бренда не совпали ни с одним семейством каталога
добавлено в каталог,семейство не найдено,не назначено семейство,lure,hm_shad_60f_005_mq,Balsa Shad 60F-005,wobblers,Handmade,,,Название и подсказка бренда не совпали ни с одним семейством каталога
добавлено в каталог,семейство не найдено,не назначено семейство,lure,hm_shad_60f_006_hq,Balsa Shad 60F-006,wobblers,Handmade,,,Название и подсказка бренда не совпали ни с одним семейством каталога
добавлено в каталог,семейство не найдено,не назначено семейство,lure,hm_shad_60f_006_lq,Balsa Shad 60F-006,wobblers,Handmade,,,Название и подсказка бренда не совпали ни с одним семейством каталога
добавлено в каталог,семейство не найдено,не назначено семейство,lure,hm_shad_60f_006_mq,Balsa Shad 60F-006,wobblers,Handmade,,,Название и подсказка бренда не совпали ни с одним семейством каталога
добавлено в каталог,семейство не найдено,не назначено семейство,lure,hm_shad_85f_001_hq,Balsa Shad 85F-001,wobblers,Handmade,,,Название и подсказка бренда не совпали ни с одним семейством каталога
добавлено в каталог,семейство не найдено,не назначено семейство,lure,hm_shad_85f_001_lq,Balsa Shad 85F-001,wobblers,Handmade,,,Название и подсказка бренда не совпали ни с одним семейством каталога
добавлено в каталог,семейство не найдено,не назначено семейство,lure,hm_shad_85f_001_mq,Balsa Shad 85F-001,wobblers,Handmade,,,Название и подсказка бренда не совпали ни с одним семейством каталога
добавлено в каталог,семейство не найдено,не назначено семейство,lure,hm_shad_85f_002_hq,Balsa Shad 85F-002,wobblers,Handmade,,,Название и подсказка бренда не совпали ни с одним семейством каталога
добавлено в каталог,семейство не найдено,не назначено семейство,lure,hm_shad_85f_002_lq,Balsa Shad 85F-002,wobblers,Handmade,,,Название и подсказка бренда не совпали ни с одним семейством каталога
добавлено в каталог,семейство не найдено,не назначено семейство,lure,hm_shad_85f_002_mq,Balsa Shad 85F-002,wobblers,Handmade,,,Название и подсказка бренда не совпали ни с одним семейством каталога
добавлено в каталог,семейство не найдено,не назначено семейство,lure,hm_shad_85f_003_hq,Balsa Shad 85F-003,wobblers,Handmade,,,Название и подсказка бренда не совпали ни с одним семейством каталога
добавлено в каталог,семейство не найдено,не назначено семейство,lure,hm_shad_85f_003_lq,Balsa Shad 85F-003,wobblers,Handmade,,,Название и подсказка бренда не совпали ни с одним семейством каталога
добавлено в каталог,семейство не найдено,не назначено семейство,lure,hm_shad_85f_003_mq,Balsa Shad 85F-003,wobblers,Handmade,,,Название и подсказка бренда не совпали ни с одним семейством каталога
добавлено в каталог,семейство не найдено,не назначено семейство,lure,hm_shad_85f_004_hq,Balsa Shad 85F-004,wobblers,Handmade,,,Название и подсказка бренда не совпали ни с одним семейством каталога
добавлено в каталог,семейство не найдено,не назначено семейство,lure,hm_shad_85f_004_lq,Balsa Shad 85F-004,wobblers,Handmade,,,Название и подсказка бренда не совпали ни с одним семейством каталога
добавлено в каталог,семейство не найдено,не назначено семейство,lure,hm_shad_85f_004_mq,Balsa Shad 85F-004,wobblers,Handmade,,,Название и подсказка бренда не совпали ни с одним семейством каталога
добавлено в каталог,семейство не найдено,не назначено семейство,lure,hm_shad_85f_005_hq,Balsa Shad 85F-005,wobblers,Handmade,,,Название и подсказка бренда не совпали ни с одним семейством каталога
добавлено в каталог,семейство не найдено,не назначено семейство,lure,hm_shad_85f_005_lq,Balsa Shad 85F-005,wobblers,Handmade,,,Название и подсказка бренда не совпали ни с одним семейством каталога
добавлено в каталог,семейство не найдено,не назначено семейство,lure,hm_shad_85f_005_mq,Balsa Shad 85F-005,wobblers,Handmade,,,Название и подсказка бренда не совпали ни с одним семейством каталога
добавлено в каталог,семейство не найдено,не назначено семейство,lure,hm_shad_85f_006_hq,Balsa Shad 85F-006,wobblers,Handmade,,,Название и подсказка бренда не совпали ни с одним семейством каталога
добавлено в каталог,семейство не найдено,не назначено семейство,lure,hm_shad_85f_006_lq,Balsa Shad 85F-006,wobblers,Handmade,,,Название и подсказка бренда не совпали ни с одним семейством каталога
добавлено в каталог,семейство не найдено,не назначено семейство,lure,hm_shad_85f_006_mq,Balsa Shad 85F-006,wobblers,Handmade,,,Название и подсказка бренда не совпали ни с одним семейством каталога
добавлено в каталог,семейство не найдено,не назначено семейство,lure,hm_spinner_n1_bl_hq,Вращалка №1 004,spinners,Handmade,,,Название и подсказка бренда не совпали ни с одним семейством каталога
добавлено в каталог,семейство не найдено,не назначено семейство,lure,hm_spinner_n1_bl_lq,Вращалка №1 004,spinners,Handmade,,,Название и подсказка бренда не совпали ни с одним семейством каталога
добавлено в каталог,семейство не найдено,не назначено семейство,lure,hm_spinner_n1_bl_mq,Вращалка №1 004,spinners,Handmade,,,Название и подсказка бренда не совпали ни с одним семейством каталога
добавлено в каталог,семейство не найдено,не назначено семейство,lure,hm_spinner_n1_bra_hq,Вращалка №1 001,spinners,Handmade,,,Название и подсказка бренда не совпали ни с одним семейством каталога
добавлено в каталог,семейство не найдено,не назначено семейство,lure,hm_spinner_n1_bra_lq,Вращалка №1 001,spinners,Handmade,,,Название и подсказка бренда не совпали ни с одним семейством каталога
добавлено в каталог,семейство не найдено,не назначено семейство,lure,hm_spinner_n1_bra_mq,Вращалка №1 001,spinners,Handmade,,,Название и подсказка бренда не совпали ни с одним семейством каталога
добавлено в каталог,семейство не найдено,не назначено семейство,lure,hm_spinner_n1_cop_hq,Вращалка №1 002,spinners,Handmade,,,Название и подсказка бренда не совпали ни с одним семейством каталога
добавлено в каталог,семейство не найдено,не назначено семейство,lure,hm_spinner_n1_cop_lq,Вращалка №1 002,spinners,Handmade,,,Название и подсказка бренда не совпали ни с одним семейством каталога
добавлено в каталог,семейство не найдено,не назначено семейство,lure,hm_spinner_n1_cop_mq,Вращалка №1 002,spinners,Handmade,,,Название и подсказка бренда не совпали ни с одним семейством каталога
добавлено в каталог,семейство не найдено,не назначено семейство,lure,hm_spinner_n1_gsil_hq,Вращалка №1 003,spinners,Handmade,,,Название и подсказка бренда не совпали ни с одним семейством каталога
добавлено в каталог,семейство не найдено,не назначено семейство,lure,hm_spinner_n1_gsil_lq,Вращалка №1 003,spinners,Handmade,,,Название и подсказка бренда не совпали ни с одним семейством каталога
добавлено в каталог,семейство не найдено,не назначено семейство,lure,hm_spinner_n1_gsil_mq,Вращалка №1 003,spinners,Handmade,,,Название и подсказка бренда не совпали ни с одним семейством каталога
добавлено в каталог,семейство не найдено,не назначено семейство,lure,hm_spinner_n1_or_r_hq,Вращалка №1 005,spinners,Handmade,,,Название и подсказка бренда не совпали ни с одним семейством каталога
добавлено в каталог,семейство не найдено,не назначено семейство,lure,hm_spinner_n1_or_r_lq,Вращалка №1 005,spinners,Handmade,,,Название и подсказка бренда не совпали ни с одним семейством каталога
добавлено в каталог,семейство не найдено,не назначено семейство,lure,hm_spinner_n1_or_r_mq,Вращалка №1 005,spinners,Handmade,,,Название и подсказка бренда не совпали ни с одним семейством каталога
добавлено в каталог,семейство не найдено,не назначено семейство,lure,hm_spinner_n1_purp_hq,Вращалка №1 006,spinners,Handmade,,,Название и подсказка бренда не совпали ни с одним семейством каталога
добавлено в каталог,семейство не найдено,не назначено семейство,lure,hm_spinner_n1_purp_lq,Вращалка №1 006,spinners,Handmade,,,Название и подсказка бренда не совпали ни с одним семейством каталога
добавлено в каталог,семейство не найдено,не назначено семейство,lure,hm_spinner_n1_purp_mq,Вращалка №1 006,spinners,Handmade,,,Название и подсказка бренда не совпали ни с одним семейством каталога
добавлено в каталог,семейство не найдено,не назначено семейство,lure,hm_spinner_n3_bl_hq,Вращалка №3 004,spinners,Handmade,,,Название и подсказка бренда не совпали ни с одним семейством каталога
добавлено в каталог,семейство не найдено,не назначено семейство,lure,hm_spinner_n3_bl_lq,Вращалка №3 004,spinners,Handmade,,,Название и подсказка бренда не совпали ни с одним семейством каталога
добавлено в каталог,семейство не найдено,не назначено семейство,lure,hm_spinner_n3_bl_mq,Вращалка №3 004,spinners,Handmade,,,Название и подсказка бренда не совпали ни с одним семейством каталога
добавлено в каталог,семейство не найдено,не назначено семейство,lure,hm_spinner_n3_bra_hq,Вращалка №3 001,spinners,Handmade,,,Название и подсказка бренда не совпали ни с одним семейством каталога
добавлено в каталог,семейство не найдено,не назначено семейство,lure,hm_spinner_n3_bra_lq,Вращалка №3 001,spinners,Handmade,,,Название и подсказка бренда не совпали ни с одним семейством каталога
добавлено в каталог,семейство не найдено,не назначено семейство,lure,hm_spinner_n3_bra_mq,Вращалка №3 001,spinners,Handmade,,,Название и подсказка бренда не совпали ни с одним семейством каталога
добавлено в каталог,семейство не найдено,не назначено семейство,lure,hm_spinner_n3_cop_hq,Вращалка №3 002,spinners,Handmade,,,Название и подсказка бренда не совпали ни с одним семейством каталога
добавлено в каталог,семейство не найдено,не назначено семейство,lure,hm_spinner_n3_cop_lq,Вращалка №3 002,spinners,Handmade,,,Название и подсказка бренда не совпали ни с одним семейством каталога
добавлено в каталог,семейство не найдено,не назначено семейство,lure,hm_spinner_n3_cop_mq,Вращалка №3 002,spinners,Handmade,,,Название и подсказка бренда не совпали ни с одним семейством каталога
добавлено в каталог,семейство не найдено,не назначено семейство,lure,hm_spinner_n3_gsil_hq,Вращалка №3 003,spinners,Handmade,,,Название и подсказка бренда не совпали ни с одним семейством каталога
добавлено в каталог,семейство не найдено,не назначено семейство,lure,hm_spinner_n3_gsil_lq,Вращалка №3 003,spinners,Handmade,,,Название и подсказка бренда не совпали ни с одним семейством каталога
добавлено в каталог,семейство не найдено,не назначено семейство,lure,hm_spinner_n3_gsil_mq,Вращалка №3 003,spinners,Handmade,,,Название и подсказка бренда не совпали ни с одним семейством каталога
добавлено в каталог,семейство не найдено,не назначено семейство,lure,hm_spinner_n3_or_r_hq,Вращалка №3 005,spinners,Handmade,,,Название и подсказка бренда не совпали ни с одним семейством каталога
добавлено в каталог,семейство не найдено,не назначено семейство,lure,hm_spinner_n3_or_r_lq,Вращалка №3 005,spinners,Handmade,,,Название и подсказка бренда не совпали ни с одним семейством каталога
добавлено в каталог,семейство не найдено,не назначено семейство,lure,hm_spinner_n3_or_r_mq,Вращалка №3 005,spinners,Handmade,,,Название и подсказка бренда не совпали ни с одним семейством каталога
добавлено в каталог,семейство не найдено,не назначено семейство,lure,hm_spinner_n3_purp_hq,Вращалка №3 006,spinners,Handmade,,,Название и подсказка бренда не совпали ни с одним семейством каталога
добавлено в каталог,семейство не найдено,не назначено семейство,lure,hm_spinner_n3_purp_lq,Вращалка №3 006,spinners,Handmade,,,Название и подсказка бренда не совпали ни с одним семейством каталога
добавлено в каталог,семейство не найдено,не назначено семейство,lure,hm_spinner_n3_purp_mq,Вращалка №3 006,spinners,Handmade,,,Название и подсказка бренда не совпали ни с одним семейством каталога
добавлено в каталог,семейство не найдено,не назначено семейство,lure,hm_spoon_mos_hq,Московская №2,spoons,Handmade,,,Название и подсказка бренда не совпали ни с одним семейством каталога
добавлено в каталог,семейство не найдено,не назначено семейство,lure,hm_spoon_mos_lq,Московская №2,spoons,Handmade,,,Название и подсказка бренда не совпали ни с одним семейством каталога
добавлено в каталог,семейство не найдено,не назначено семейство,lure,hm_spoon_mos_mq,Московская №2,spoons,Handmade,,,Название и подсказка бренда не совпали ни с одним семейством каталога
добавлено в каталог,семейство не найдено,не назначено семейство,lure,hm_spoon_nov_hq,Новгородская №2,spoons,Handmade,,,Название и подсказка бренда не совпали ни с одним семейством каталога
добавлено в каталог,семейство не найдено,не назначено семейство,lure,hm_spoon_nov_lq,Новгородская №2,spoons,Handmade,,,Название и подсказка бренда не совпали ни с одним семейством каталога
добавлено в каталог,семейство не найдено,не назначено семейство,lure,hm_spoon_nov_mq,Новгородская №2,spoons,Handmade,,,Название и подсказка бренда не совпали ни с одним семейством каталога
добавлено в каталог,семейство не найдено,не назначено семейство,lure,hm_spoon_nv_pe_hq,Нижневолжская окуневая,spoons,Handmade,,,Название и подсказка бренда не совпали ни с одним семейством каталога
добавлено в каталог,семейство не найдено,не назначено семейство,lure,hm_spoon_nv_pe_lq,Нижневолжская окуневая,spoons,Handmade,,,Название и подсказка бренда не совпали ни с одним семейством каталога
добавлено в каталог,семейство не найдено,не назначено семейство,lure,hm_spoon_nv_pe_mq,Нижневолжская окуневая,spoons,Handmade,,,Название и подсказка бренда не совпали ни с одним семейством каталога
добавлено в каталог,семейство не найдено,не назначено семейство,lure,hm_spoon_nv_pi_hq,Нижневолжская щучья,spoons,Handmade,,,Название и подсказка бренда не совпали ни с одним семейством каталога
добавлено в каталог,семейство не найдено,не назначено семейство,lure,hm_spoon_nv_pi_lq,Нижневолжская щучья,spoons,Handmade,,,Название и подсказка бренда не совпали ни с одним семейством каталога
добавлено в каталог,семейство не найдено,не назначено семейство,lure,hm_spoon_nv_pi_mq,Нижневолжская щучья,spoons,Handmade,,,Название и подсказка бренда не совпали ни с одним семейством каталога
добавлено в каталог,семейство не найдено,не назначено семейство,lure,hm_spoon_s_pe_hq,Сердобская окуневая,spoons,Handmade,,,Название и подсказка бренда не совпали ни с одним семейством каталога
добавлено в каталог,семейство не найдено,не назначено семейство,lure,hm_spoon_s_pe_lq,Сердобская окуневая,spoons,Handmade,,,Название и подсказка бренда не совпали ни с одним семейством каталога
добавлено в каталог,семейство не найдено,не назначено семейство,lure,hm_spoon_s_pe_mq,Сердобская окуневая,spoons,Handmade,,,Название и подсказка бренда не совпали ни с одним семейством каталога
добавлено в каталог,семейство не найдено,не назначено семейство,lure,hm_spoon_s_pi_hq,Сердобская щучья,spoons,Handmade,,,Название и подсказка бренда не совпали ни с одним семейством каталога
добавлено в каталог,семейство не найдено,не назначено семейство,lure,hm_spoon_s_pi_lq,Сердобская щучья,spoons,Handmade,,,Название и подсказка бренда не совпали ни с одним семейством каталога
добавлено в каталог,семейство не найдено,не назначено семейство,lure,hm_spoon_s_pi_mq,Сердобская щучья,spoons,Handmade,,,Название и подсказка бренда не совпали ни с одним семейством каталога
добавлено в каталог,семейство не найдено,не назначено семейство,lure,hm_spoon_sud_hq,Судаковая №2,spoons,Handmade,,,Название и подсказка бренда не совпали ни с одним семейством каталога
добавлено в каталог,семейство не найдено,не назначено семейство,lure,hm_spoon_sud_lq,Судаковая №2,spoons,Handmade,,,Название и подсказка бренда не совпали ни с одним семейством каталога
добавлено в каталог,семейство не найдено,не назначено семейство,lure,hm_spoon_sud_mq,Судаковая №2,spoons,Handmade,,,Название и подсказка бренда не совпали ни с одним семейством каталога
добавлено в каталог,семейство не найдено,не назначено семейство,lure,hm_spoon_ws_r_bl_hq,Западносибирская К 004,spoons,Handmade,,,Название и подсказка бренда не совпали ни с одним семейством каталога
добавлено в каталог,семейство не найдено,не назначено семейство,lure,hm_spoon_ws_r_bl_lq,Западносибирская К 004,spoons,Handmade,,,Название и подсказка бренда не совпали ни с одним семейством каталога
добавлено в каталог,семейство не найдено,не назначено семейство,lure,hm_spoon_ws_r_bl_mq,Западносибирская К 004,spoons,Handmade,,,Название и подсказка бренда не совпали ни с одним семейством каталога
добавлено в каталог,семейство не найдено,не назначено семейство,lure,hm_spoon_ws_r_bra_hq,Западносибирская К 001,spoons,Handmade,,,Название и подсказка бренда не совпали ни с одним семейством каталога
добавлено в каталог,семейство не найдено,не назначено семейство,lure,hm_spoon_ws_r_bra_lq,Западносибирская К 001,spoons,Handmade,,,Название и подсказка бренда не совпали ни с одним семейством каталога
добавлено в каталог,семейство не найдено,не назначено семейство,lure,hm_spoon_ws_r_bra_mq,Западносибирская К 001,spoons,Handmade,,,Название и подсказка бренда не совпали ни с одним семейством каталога
добавлено в каталог,семейство не найдено,не назначено семейство,lure,hm_spoon_ws_r_cop_hq,Западносибирская К 002,spoons,Handmade,,,Название и подсказка бренда не совпали ни с одним семейством каталога
добавлено в каталог,семейство не найдено,не назначено семейство,lure,hm_spoon_ws_r_cop_lq,Западносибирская К 002,spoons,Handmade,,,Название и подсказка бренда не совпали ни с одним семейством каталога
добавлено в каталог,семейство не найдено,не назначено семейство,lure,hm_spoon_ws_r_cop_mq,Западносибирская К 002,spoons,Handmade,,,Название и подсказка бренда не совпали ни с одним семейством каталога
добавлено в каталог,семейство не найдено,не назначено семейство,lure,hm_spoon_ws_r_gsil_hq,Западносибирская К 003,spoons,Handmade,,,Название и подсказка бренда не совпали ни с одним семейством каталога
добавлено в каталог,семейство не найдено,не назначено семейство,lure,hm_spoon_ws_r_gsil_lq,Западносибирская К 003,spoons,Handmade,,,Название и подсказка бренда не совпали ни с одним семейством каталога
добавлено в каталог,семейство не найдено,не назначено семейство,lure,hm_spoon_ws_r_gsil_mq,Западносибирская К 003,spoons,Handmade,,,Название и подсказка бренда не совпали ни с одним семейством каталога
добавлено в каталог,семейство не найдено,не назначено семейство,lure,hm_spoon_ws_r_or_hq,Западносибирская К 005,spoons,Handmade,,,Название и подсказка бренда не совпали ни с одним семейством каталога
добавлено в каталог,семейство не найдено,не назначено семейство,lure,hm_spoon_ws_r_or_lq,Западносибирская К 005,spoons,Handmade,,,Название и подсказка бренда не совпали ни с одним семейством каталога
добавлено в каталог,семейство не найдено,не назначено семейство,lure,hm_spoon_ws_r_or_mq,Западносибирская К 005,spoons,Handmade,,,Название и подсказка бренда не совпали ни с одним семейством каталога
добавлено в каталог,семейство не найдено,не назначено семейство,lure,hm_spoon_ws_r_purp_hq,Западносибирская К 006,spoons,Handmade,,,Название и подсказка бренда не совпали ни с одним семейством каталога
добавлено в каталог,семейство не найдено,не назначено семейство,lure,hm_spoon_ws_r_purp_lq,Западносибирская К 006,spoons,Handmade,,,Название и подсказка бренда не совпали ни с одним семейством каталога
добавлено в каталог,семейство не найдено,не назначено семейство,lure,hm_spoon_ws_r_purp_mq,Западносибирская К 006,spoons,Handmade,,,Название и подсказка бренда не совпали ни с одним семейством каталога
добавлено в каталог,семейство не найдено,не назначено семейство,lure,hm_spoon_wsb_r_bl_hq,Западносибирская К-Б 004,spoons,Handmade,,,Название и подсказка бренда не совпали ни с одним семейством каталога
добавлено в каталог,семейство не найдено,не назначено семейство,lure,hm_spoon_wsb_r_bl_lq,Западносибирская К-Б 004,spoons,Handmade,,,Название и подсказка бренда не совпали ни с одним семейством каталога
добавлено в каталог,семейство не найдено,не назначено семейство,lure,hm_spoon_wsb_r_bl_mq,Западносибирская К-Б 004,spoons,Handmade,,,Название и подсказка бренда не совпали ни с одним семейством каталога
добавлено в каталог,семейство не найдено,не назначено семейство,lure,hm_spoon_wsb_r_bra_hq,Западносибирская К-Б 001,spoons,Handmade,,,Название и подсказка бренда не совпали ни с одним семейством каталога
добавлено в каталог,семейство не найдено,не назначено семейство,lure,hm_spoon_wsb_r_bra_lq,Западносибирская К-Б 001,spoons,Handmade,,,Название и подсказка бренда не совпали ни с одним семейством каталога
добавлено в каталог,семейство не найдено,не назначено семейство,lure,hm_spoon_wsb_r_bra_mq,Западносибирская К-Б 001,spoons,Handmade,,,Название и подсказка бренда не совпали ни с одним семейством каталога
добавлено в каталог,семейство не найдено,не назначено семейство,lure,hm_spoon_wsb_r_cop_hq,Западносибирская К-Б 002,spoons,Handmade,,,Название и подсказка бренда не совпали ни с одним семейством каталога
добавлено в каталог,семейство не найдено,не назначено семейство,lure,hm_spoon_wsb_r_cop_lq,Западносибирская К-Б 002,spoons,Handmade,,,Название и подсказка бренда не совпали ни с одним семейством каталога
добавлено в каталог,семейство не найдено,не назначено семейство,lure,hm_spoon_wsb_r_cop_mq,Западносибирская К-Б 002,spoons,Handmade,,,Название и подсказка бренда не совпали ни с одним семейством каталога
добавлено в каталог,семейство не найдено,не назначено семейство,lure,hm_spoon_wsb_r_gsil_hq,Западносибирская К-Б 003,spoons,Handmade,,,Название и подсказка бренда не совпали ни с одним семейством каталога
добавлено в каталог,семейство не найдено,не назначено семейство,lure,hm_spoon_wsb_r_gsil_lq,Западносибирская К-Б 003,spoons,Handmade,,,Название и подсказка бренда не совпали ни с одним семейством каталога
добавлено в каталог,семейство не найдено,не назначено семейство,lure,hm_spoon_wsb_r_gsil_mq,Западносибирская К-Б 003,spoons,Handmade,,,Название и подсказка бренда не совпали ни с одним семейством каталога
добавлено в каталог,семейство не найдено,не назначено семейство,lure,hm_spoon_wsb_r_or_hq,Западносибирская К-Б 005,spoons,Handmade,,,Название и подсказка бренда не совпали ни с одним семейством каталога
добавлено в каталог,семейство не найдено,не назначено семейство,lure,hm_spoon_wsb_r_or_lq,Западносибирская К-Б 005,spoons,Handmade,,,Название и подсказка бренда не совпали ни с одним семейством каталога
добавлено в каталог,семейство не найдено,не назначено семейство,lure,hm_spoon_wsb_r_or_mq,Западносибирская К-Б 005,spoons,Handmade,,,Название и подсказка бренда не совпали ни с одним семейством каталога
добавлено в каталог,семейство не найдено,не назначено семейство,lure,hm_spoon_wsb_r_purp_hq,Западносибирская К-Б 006,spoons,Handmade,,,Название и подсказка бренда не совпали ни с одним семейством каталога
добавлено в каталог,семейство не найдено,не назначено семейство,lure,hm_spoon_wsb_r_purp_lq,Западносибирская К-Б 006,spoons,Handmade,,,Название и подсказка бренда не совпали ни с одним семейством каталога
добавлено в каталог,семейство не найдено,не назначено семейство,lure,hm_spoon_wsb_r_purp_mq,Западносибирская К-Б 006,spoons,Handmade,,,Название и подсказка бренда не совпали ни с одним семейством каталога
добавлено в каталог,семейство не найдено,не назначено семейство,lure,hm_spoon_ws_bl_hq,Западносибирская Ф 004,spoons,Handmade,,,Название и подсказка бренда не совпали ни с одним семейством каталога
добавлено в каталог,семейство не найдено,не назначено семейство,lure,hm_spoon_ws_bl_lq,Западносибирская Ф 004,spoons,Handmade,,,Название и подсказка бренда не совпали ни с одним семейством каталога
добавлено в каталог,семейство не найдено,не назначено семейство,lure,hm_spoon_ws_bl_mq,Западносибирская Ф 004,spoons,Handmade,,,Название и подсказка бренда не совпали ни с одним семейством каталога
добавлено в каталог,семейство не найдено,не назначено семейство,lure,hm_spoon_ws_bra_hq,Западносибирская Ф 001,spoons,Handmade,,,Название и подсказка бренда не совпали ни с одним семейством каталога
добавлено в каталог,семейство не найдено,не назначено семейство,lure,hm_spoon_ws_bra_lq,Западносибирская Ф 001,spoons,Handmade,,,Название и подсказка бренда не совпали ни с одним семейством каталога
добавлено в каталог,семейство не найдено,не назначено семейство,lure,hm_spoon_ws_bra_mq,Западносибирская Ф 001,spoons,Handmade,,,Название и подсказка бренда не совпали ни с одним семейством каталога
добавлено в каталог,семейство не найдено,не назначено семейство,lure,hm_spoon_ws_cop_hq,Западносибирская Ф 002,spoons,Handmade,,,Название и подсказка бренда не совпали ни с одним семейством каталога
добавлено в каталог,семейство не найдено,не назначено семейство,lure,hm_spoon_ws_cop_lq,Западносибирская Ф 002,spoons,Handmade,,,Название и подсказка бренда не совпали ни с одним семейством каталога
добавлено в каталог,семейство не найдено,не назначено семейство,lure,hm_spoon_ws_cop_mq,Западносибирская Ф 002,spoons,Handmade,,,Название и подсказка бренда не совпали ни с одним семейством каталога
добавлено в каталог,семейство не найдено,не назначено семейство,lure,hm_spoon_ws_gsil_hq,Западносибирская Ф 003,spoons,Handmade,,,Название и подсказка бренда не совпали ни с одним семейством каталога
добавлено в каталог,семейство не найдено,не назначено семейство,lure,hm_spoon_ws_gsil_lq,Западносибирская Ф 003,spoons,Handmade,,,Название и подсказка бренда не совпали ни с одним семейством каталога
добавлено в каталог,семейство не найдено,не назначено семейство,lure,hm_spoon_ws_gsil_mq,Западносибирская Ф 003,spoons,Handmade,,,Название и подсказка бренда не совпали ни с одним семейством каталога
добавлено в каталог,семейство не найдено,не назначено семейство,lure,hm_spoon_ws_or_r_hq,Западносибирская Ф 005,spoons,Handmade,,,Название и подсказка бренда не совпали ни с одним семейством каталога
добавлено в каталог,семейство не найдено,не назначено семейство,lure,hm_spoon_ws_or_r_lq,Западносибирская Ф 005,spoons,Handmade,,,Название и подсказка бренда не совпали ни с одним семейством каталога
добавлено в каталог,семейство не найдено,не назначено семейство,lure,hm_spoon_ws_or_r_mq,Западносибирская Ф 005,spoons,Handmade,,,Название и подсказка бренда не совпали ни с одним семейством каталога
добавлено в каталог,семейство не найдено,не назначено семейство,lure,hm_spoon_ws_purp_hq,Западносибирская Ф 006,spoons,Handmade,,,Название и подсказка бренда не совпали ни с одним семейством каталога
добавлено в каталог,семейство не найдено,не назначено семейство,lure,hm_spoon_ws_purp_lq,Западносибирская Ф 006,spoons,Handmade,,,Название и подсказка бренда не совпали ни с одним семейством каталога
добавлено в каталог,семейство не найдено,не назначено семейство,lure,hm_spoon_ws_purp_mq,Западносибирская Ф 006,spoons,Handmade,,,Название и подсказка бренда не совпали ни с одним семейством каталога
добавлено в каталог,семейство не найдено,не назначено семейство,lure,hm_spoon_wsb_bl_hq,Западносибирская Ф-Б 004,spoons,Handmade,,,Название и подсказка бренда не совпали ни с одним семейством каталога
добавлено в каталог,семейство не найдено,не назначено семейство,lure,hm_spoon_wsb_bl_lq,Западносибирская Ф-Б 004,spoons,Handmade,,,Название и подсказка бренда не совпали ни с одним семейством каталога
добавлено в каталог,семейство не найдено,не назначено семейство,lure,hm_spoon_wsb_bl_mq,Западносибирская Ф-Б 004,spoons,Handmade,,,Название и подсказка бренда не совпали ни с одним семейством каталога
добавлено в каталог,семейство не найдено,не назначено семейство,lure,hm_spoon_wsb_bra_hq,Западносибирская Ф-Б 001,spoons,Handmade,,,Название и подсказка бренда не совпали ни с одним семейством каталога
добавлено в каталог,семейство не найдено,не назначено семейство,lure,hm_spoon_wsb_bra_lq,Западносибирская Ф-Б 001,spoons,Handmade,,,Название и подсказка бренда не совпали ни с одним семейством каталога
добавлено в каталог,семейство не найдено,не назначено семейство,lure,hm_spoon_wsb_bra_mq,Западносибирская Ф-Б 001,spoons,Handmade,,,Название и подсказка бренда не совпали ни с одним семейством каталога
добавлено в каталог,семейство не найдено,не назначено семейство,lure,hm_spoon_wsb_cop_hq,Западносибирская Ф-Б 002,spoons,Handmade,,,Название и подсказка бренда не совпали ни с одним семейством каталога
добавлено в каталог,семейство не найдено,не назначено семейство,lure,hm_spoon_wsb_cop_lq,Западносибирская Ф-Б 002,spoons,Handmade,,,Название и подсказка бренда не совпали ни с одним семейством каталога
добавлено в каталог,семейство не найдено,не назначено семейство,lure,hm_spoon_wsb_cop_mq,Западносибирская Ф-Б 002,spoons,Handmade,,,Название и подсказка бренда не совпали ни с одним семейством каталога
добавлено в каталог,семейство не найдено,не назначено семейство,lure,hm_spoon_wsb_gsil_hq,Западносибирская Ф-Б 003,spoons,Handmade,,,Название и подсказка бренда не совпали ни с одним семейством каталога
добавлено в каталог,семейство не найдено,не назначено семейство,lure,hm_spoon_wsb_gsil_lq,Западносибирская Ф-Б 003,spoons,Handmade,,,Название и подсказка бренда не совпали ни с одним семейством каталога
добавлено в каталог,семейство не найдено,не назначено семейство,lure,hm_spoon_wsb_gsil_mq,Западносибирская Ф-Б 003,spoons,Handmade,,,Название и подсказка бренда не совпали ни с одним семейством каталога
добавлено в каталог,семейство не найдено,не назначено семейство,lure,hm_spoon_wsb_or_r_hq,Западносибирская Ф-Б 005,spoons,Handmade,,,Название и подсказка бренда не совпали ни с одним семейством каталога
добавлено в каталог,семейство не найдено,не назначено семейство,lure,hm_spoon_wsb_or_r_lq,Западносибирская Ф-Б 005,spoons,Handmade,,,Название и подсказка бренда не совпали ни с одним семейством каталога
добавлено в каталог,семейство не найдено,не назначено семейство,lure,hm_spoon_wsb_or_r_mq,Западносибирская Ф-Б 005,spoons,Handmade,,,Название и подсказка бренда не совпали ни с одним семейством каталога
добавлено в каталог,семейство не найдено,не назначено семейство,lure,hm_spoon_wsb_purp_hq,Западносибирская Ф-Б 006,spoons,Handmade,,,Название и подсказка бренда не совпали ни с одним семейством каталога
добавлено в каталог,семейство не найдено,не назначено семейство,lure,hm_spoon_wsb_purp_lq,Западносибирская Ф-Б 006,spoons,Handmade,,,Название и подсказка бренда не совпали ни с одним семейством каталога
добавлено в каталог,семейство не найдено,не назначено семейство,lure,hm_spoon_wsb_purp_mq,Западносибирская Ф-Б 006,spoons,Handmade,,,Название и подсказка бренда не совпали ни с одним семейством каталога
добавлено в каталог,семейство не найдено,не назначено семейство,lure,old_spoonlure,Старая блесна,spoons,Handmade,,,Название и подсказка бренда не совпали ни с одним семейством каталога
добавлено в каталог,семейство не найдено,не назначено семейство,lure,old_spinnerlure,Старая вертушка,spinners,soviet,,,Название и подсказка бренда не совпали ни с одним семейством каталога
добавлено в каталог,семейство не найдено,не назначено семейство,lure,softplastic_g_2019,Lynns Twister 30-001,soft_plastic,lynns,,,Название и подсказка бренда не совпали ни с одним семейством каталога
добавлено в каталог,семейство не найдено,не назначено семейство,lure,softplastic_g_2020,Lynns Twister 30-002,soft_plastic,lynns,,,Название и подсказка бренда не совпали ни с одним семейством каталога
добавлено в каталог,семейство не найдено,не назначено семейство,lure,softplastic_g_2021,Lynns Twister 30-003,soft_plastic,lynns,,,Название и подсказка бренда не совпали ни с одним семейством каталога
добавлено в каталог,семейство не найдено,не назначено семейство,lure,softplastic_g_2022,Lynns Twister 30-004,soft_plastic,lynns,,,Название и подсказка бренда не совпали ни с одним семейством каталога
добавлено в каталог,семейство не найдено,не назначено семейство,lure,softplastic_g_2023,Lynns Twister 30-005,soft_plastic,lynns,,,Название и подсказка бренда не совпали ни с одним семейством каталога
добавлено в каталог,семейство не найдено,не назначено семейство,lure,softplastic_g_2024,Lynns Twister 30-006,soft_plastic,lynns,,,Название и подсказка бренда не совпали ни с одним семейством каталога
добавлено в каталог,семейство не найдено,не назначено семейство,lure,softplastic_g_2025,Lynns Twister 30-007,soft_plastic,lynns,,,Название и подсказка бренда не совпали ни с одним семейством каталога
добавлено в каталог,семейство не найдено,не назначено семейство,lure,softplastic_g_2026,Lynns Twister 30-008,soft_plastic,lynns,,,Название и подсказка бренда не совпали ни с одним семейством каталога
добавлено в каталог,семейство не найдено,не назначено семейство,lure,softplastic_g_2027,Lynns Twister 30-009,soft_plastic,lynns,,,Название и подсказка бренда не совпали ни с одним семейством каталога
добавлено в каталог,семейство не найдено,не назначено семейство,lure,softplastic_g_2028,Lynns Twister 70-001,soft_plastic,lynns,,,Название и подсказка бренда не совпали ни с одним семейством каталога
добавлено в каталог,семейство не найдено,не назначено семейство,lure,softplastic_g_2029,Lynns Twister 70-002,soft_plastic,lynns,,,Название и подсказка бренда не совпали ни с одним семейством каталога
добавлено в каталог,семейство не найдено,не назначено семейство,lure,softplastic_g_2030,Lynns Twister 70-003,soft_plastic,lynns,,,Название и подсказка бренда не совпали ни с одним семейством каталога
добавлено в каталог,семейство не найдено,не назначено семейство,lure,softplastic_g_2031,Lynns Twister 70-004,soft_plastic,lynns,,,Название и подсказка бренда не совпали ни с одним семейством каталога
добавлено в каталог,семейство не найдено,не назначено семейство,lure,softplastic_g_2032,Lynns Twister 70-005,soft_plastic,lynns,,,Название и подсказка бренда не совпали ни с одним семейством каталога
добавлено в каталог,семейство не найдено,не назначено семейство,lure,softplastic_g_2033,Lynns Twister 70-006,soft_plastic,lynns,,,Название и подсказка бренда не совпали ни с одним семейством каталога
добавлено в каталог,семейство не найдено,не назначено семейство,lure,softplastic_g_2034,Lynns Twister 70-007,soft_plastic,lynns,,,Название и подсказка бренда не совпали ни с одним семейством каталога
добавлено в каталог,семейство не найдено,не назначено семейство,lure,softplastic_g_2035,Lynns Twister 70-008,soft_plastic,lynns,,,Название и подсказка бренда не совпали ни с одним семейством каталога
добавлено в каталог,семейство не найдено,не назначено семейство,lure,softplastic_g_2036,Lynns Twister 70-009,soft_plastic,lynns,,,Название и подсказка бренда не совпали ни с одним семейством каталога
добавлено в каталог,семейство не найдено,не назначено семейство,lure,softplastic_g_2037,Lynns Twister 110-001,soft_plastic,lynns,,,Название и подсказка бренда не совпали ни с одним семейством каталога
добавлено в каталог,семейство не найдено,не назначено семейство,lure,softplastic_g_2038,Lynns Twister 110-002,soft_plastic,lynns,,,Название и подсказка бренда не совпали ни с одним семейством каталога
добавлено в каталог,семейство не найдено,не назначено семейство,lure,softplastic_g_2039,Lynns Twister 110-003,soft_plastic,lynns,,,Название и подсказка бренда не совпали ни с одним семейством каталога
добавлено в каталог,семейство не найдено,не назначено семейство,lure,softplastic_g_2040,Lynns Twister 110-004,soft_plastic,lynns,,,Название и подсказка бренда не совпали ни с одним семейством каталога
добавлено в каталог,семейство не найдено,не назначено семейство,lure,softplastic_g_2041,Lynns Twister 110-005,soft_plastic,lynns,,,Название и подсказка бренда не совпали ни с одним семейством каталога
добавлено в каталог,семейство не найдено,не назначено семейство,lure,softplastic_g_2042,Lynns Twister 110-006,soft_plastic,lynns,,,Название и подсказка бренда не совпали ни с одним семейством каталога
добавлено в каталог,семейство не найдено,не назначено семейство,lure,softplastic_g_2043,Lynns Twister 110-007,soft_plastic,lynns,,,Название и подсказка бренда не совпали ни с одним семейством каталога
добавлено в каталог,семейство не найдено,не назначено семейство,lure,softplastic_g_2044,Lynns Twister 110-008,soft_plastic,lynns,,,Название и подсказка бренда не совпали ни с одним семейством каталога
добавлено в каталог,семейство не найдено,не назначено семейство,lure,softplastic_g_2045,Lynns Twister 110-009,soft_plastic,lynns,,,Название и подсказка бренда не совпали ни с одним семейством каталога
добавлено в каталог,семейство не найдено,не назначено семейство,lure,softplastic_m_1888,Lynns Huge Minnow 120-001,soft_plastic,lynns,,,Название и подсказка бренда не совпали ни с одним семейством каталога
добавлено в каталог,семейство не найдено,не назначено семейство,lure,softplastic_m_1889,Lynns Huge Minnow 120-002,soft_plastic,lynns,,,Название и подсказка бренда не совпали ни с одним семейством каталога
добавлено в каталог,семейство не найдено,не назначено семейство,lure,softplastic_m_1890,Lynns Huge Minnow 120-003,soft_plastic,lynns,,,Название и подсказка бренда не совпали ни с одним семейством каталога
добавлено в каталог,семейство не найдено,не назначено семейство,lure,softplastic_m_1891,Lynns Huge Minnow 120-004,soft_plastic,lynns,,,Название и подсказка бренда не совпали ни с одним семейством каталога
добавлено в каталог,семейство не найдено,не назначено семейство,lure,softplastic_m_1892,Lynns Huge Minnow 120-005,soft_plastic,lynns,,,Название и подсказка бренда не совпали ни с одним семейством каталога
добавлено в каталог,семейство не найдено,не назначено семейство,lure,softplastic_m_1893,Lynns Huge Minnow 120-006,soft_plastic,lynns,,,Название и подсказка бренда не совпали ни с одним семейством каталога
добавлено в каталог,семейство не найдено,не назначено семейство,lure,softplastic_m_1894,Lynns Huge Minnow 120-007,soft_plastic,lynns,,,Название и подсказка бренда не совпали ни с одним семейством каталога
добавлено в каталог,семейство не найдено,не назначено семейство,lure,softplastic_m_1895,Lynns Huge Minnow 120-008,soft_plastic,lynns,,,Название и подсказка бренда не совпали ни с одним семейством каталога
добавлено в каталог,семейство не найдено,не назначено семейство,lure,softplastic_m_1896,Lynns Huge Minnow 120-009,soft_plastic,lynns,,,Название и подсказка бренда не совпали ни с одним семейством каталога
добавлено в каталог,семейство не найдено,не назначено семейство,lure,softplastic_m_1897,Lynns Huge Minnow 120-010,soft_plastic,lynns,,,Название и подсказка бренда не совпали ни с одним семейством каталога
добавлено в каталог,семейство не найдено,не назначено семейство,lure,softplastic_m_1944,Lynns Minnow 40-001,soft_plastic,lynns,,,Название и подсказка бренда не совпали ни с одним семейством каталога
добавлено в каталог,семейство не найдено,не назначено семейство,lure,softplastic_m_1945,Lynns Minnow 40-002,soft_plastic,lynns,,,Название и подсказка бренда не совпали ни с одним семейством каталога
добавлено в каталог,семейство не найдено,не назначено семейство,lure,softplastic_m_1946,Lynns Minnow 40-003,soft_plastic,lynns,,,Название и подсказка бренда не совпали ни с одним семейством каталога
добавлено в каталог,семейство не найдено,не назначено семейство,lure,softplastic_m_1947,Lynns Minnow 40-004,soft_plastic,lynns,,,Название и подсказка бренда не совпали ни с одним семейством каталога
добавлено в каталог,семейство не найдено,не назначено семейство,lure,softplastic_m_1948,Lynns Minnow 40-005,soft_plastic,lynns,,,Название и подсказка бренда не совпали ни с одним семейством каталога
добавлено в каталог,семейство не найдено,не назначено семейство,lure,softplastic_m_1949,Lynns Minnow 40-006,soft_plastic,lynns,,,Название и подсказка бренда не совпали ни с одним семейством каталога
добавлено в каталог,семейство не найдено,не назначено семейство,lure,softplastic_m_1950,Lynns Minnow 40-007,soft_plastic,lynns,,,Название и подсказка бренда не совпали ни с одним семейством каталога
добавлено в каталог,семейство не найдено,не назначено семейство,lure,softplastic_m_1951,Lynns Minnow 40-008,soft_plastic,lynns,,,Название и подсказка бренда не совпали ни с одним семейством каталога
добавлено в каталог,семейство не найдено,не назначено семейство,lure,softplastic_m_1952,Lynns Minnow 40-009,soft_plastic,lynns,,,Название и подсказка бренда не совпали ни с одним семейством каталога
добавлено в каталог,семейство не найдено,не назначено семейство,lure,softplastic_m_1953,Lynns Minnow 80-001,soft_plastic,lynns,,,Название и подсказка бренда не совпали ни с одним семейством каталога
добавлено в каталог,семейство не найдено,не назначено семейство,lure,softplastic_m_1954,Lynns Minnow 80-002,soft_plastic,lynns,,,Название и подсказка бренда не совпали ни с одним семейством каталога
добавлено в каталог,семейство не найдено,не назначено семейство,lure,softplastic_m_1955,Lynns Minnow 80-003,soft_plastic,lynns,,,Название и подсказка бренда не совпали ни с одним семейством каталога
добавлено в каталог,семейство не найдено,не назначено семейство,lure,softplastic_m_1956,Lynns Minnow 80-004,soft_plastic,lynns,,,Название и подсказка бренда не совпали ни с одним семейством каталога
добавлено в каталог,семейство не найдено,не назначено семейство,lure,softplastic_m_1957,Lynns Minnow 80-005,soft_plastic,lynns,,,Название и подсказка бренда не совпали ни с одним семейством каталога
добавлено в каталог,семейство не найдено,не назначено семейство,lure,softplastic_m_1958,Lynns Minnow 80-006,soft_plastic,lynns,,,Название и подсказка бренда не совпали ни с одним семейством каталога
добавлено в каталог,семейство не найдено,не назначено семейство,lure,softplastic_m_1959,Lynns Minnow 80-007,soft_plastic,lynns,,,Название и подсказка бренда не совпали ни с одним семейством каталога
добавлено в каталог,семейство не найдено,не назначено семейство,lure,softplastic_m_1960,Lynns Minnow 80-008,soft_plastic,lynns,,,Название и подсказка бренда не совпали ни с одним семейством каталога
добавлено в каталог,семейство не найдено,не назначено семейство,lure,softplastic_m_1961,Lynns Minnow 80-009,soft_plastic,lynns,,,Название и подсказка бренда не совпали ни с одним семейством каталога
добавлено в каталог,семейство не найдено,не назначено семейство,lure,plug_lc_1631,PS crank C1,wobblers,syberia,,,Название и подсказка бренда не совпали ни с одним семейством каталога
добавлено в каталог,семейство не найдено,не назначено семейство,lure,plug_lc_1632,PS crank C2,wobblers,syberia,,,Название и подсказка бренда не совпали ни с одним семейством каталога
добавлено в каталог,семейство не найдено,не назначено семейство,lure,plug_lc_1633,PS crank C3,wobblers,syberia,,,Название и подсказка бренда не совпали ни с одним семейством каталога
добавлено в каталог,семейство не найдено,не назначено семейство,lure,plug_lc_1634,PS crank C4,wobblers,syberia,,,Название и подсказка бренда не совпали ни с одним семейством каталога
добавлено в каталог,семейство не найдено,не назначено семейство,lure,plug_lc_1635,PS crank C5,wobblers,syberia,,,Название и подсказка бренда не совпали ни с одним семейством каталога
добавлено в каталог,семейство не найдено,не назначено семейство,lure,plug_m_1624,Humpy C1,wobblers,syberia,,,Название и подсказка бренда не совпали ни с одним семейством каталога
добавлено в каталог,семейство не найдено,не назначено семейство,lure,plug_m_1625,Humpy C2,wobblers,syberia,,,Название и подсказка бренда не совпали ни с одним семейством каталога
добавлено в каталог,семейство не найдено,не назначено семейство,lure,plug_m_1626,Humpy C3,wobblers,syberia,,,Название и подсказка бренда не совпали ни с одним семейством каталога
добавлено в каталог,семейство не найдено,не назначено семейство,lure,plug_m_1627,Humpy C4,wobblers,syberia,,,Название и подсказка бренда не совпали ни с одним семейством каталога
добавлено в каталог,семейство не найдено,не назначено семейство,lure,plug_m_1628,Humpy C5,wobblers,syberia,,,Название и подсказка бренда не совпали ни с одним семейством каталога
добавлено в каталог,семейство не найдено,не назначено семейство,lure,plug_m_1629,Humpy C6,wobblers,syberia,,,Название и подсказка бренда не совпали ни с одним семейством каталога
добавлено в каталог,семейство не найдено,не назначено семейство,lure,plug_m_1630,Humpy C7,wobblers,syberia,,,Название и подсказка бренда не совпали ни с одним семейством каталога
добавлено в каталог,семейство не найдено,не назначено семейство,lure,plug_m_1914,Snatcher-S001,wobblers,ylin_uistin,,,Название и подсказка бренда не совпали ни с одним семейством каталога
добавлено в каталог,семейство не найдено,не назначено семейство,lure,plug_m_1915,Snatcher-S002,wobblers,ylin_uistin,,,Название и подсказка бренда не совпали ни с одним семейством каталога
добавлено в каталог,семейство не найдено,не назначено семейство,lure,plug_m_1916,Snatcher-S003,wobblers,ylin_uistin,,,Название и подсказка бренда не совпали ни с одним семейством каталога
добавлено в каталог,семейство не найдено,не назначено семейство,lure,plug_m_1917,Snatcher-S004,wobblers,ylin_uistin,,,Название и подсказка бренда не совпали ни с одним семейством каталога
добавлено в каталог,семейство не найдено,не назначено семейство,lure,plug_m_1918,Snatcher-S005,wobblers,ylin_uistin,,,Название и подсказка бренда не совпали ни с одним семейством каталога
добавлено в каталог,семейство не найдено,не назначено семейство,lure,plug_m_1919,Snatcher-S006,wobblers,ylin_uistin,,,Название и подсказка бренда не совпали ни с одним семейством каталога
добавлено в каталог,семейство не найдено,не назначено семейство,lure,plug_m_1920,Snatcher-S007,wobblers,ylin_uistin,,,Название и подсказка бренда не совпали ни с одним семейством каталога
добавлено в каталог,семейство не найдено,не назначено семейство,lure,plug_m_1921,Snatcher-S008,wobblers,ylin_uistin,,,Название и подсказка бренда не совпали ни с одним семейством каталога
добавлено в каталог,семейство не найдено,не назначено семейство,lure,plug_m_1922,Snatcher-S009,wobblers,ylin_uistin,,,Название и подсказка бренда не совпали ни с одним семейством каталога
добавлено в каталог,семейство не найдено,не назначено семейство,lure,topwater_1961,Orig Walker-001,topwater,ylin_uistin,,,Название и подсказка бренда не совпали ни с одним семейством каталога
добавлено в каталог,семейство не найдено,не назначено семейство,lure,topwater_1962,Orig Walker-002,topwater,ylin_uistin,,,Название и подсказка бренда не совпали ни с одним семейством каталога
добавлено в каталог,семейство не найдено,не назначено семейство,lure,topwater_1963,Orig Walker-003,topwater,ylin_uistin,,,Название и подсказка бренда не совпали ни с одним семейством каталога
добавлено в каталог,семейство не найдено,не назначено семейство,lure,topwater_1964,Orig Walker-004,topwater,ylin_uistin,,,Название и подсказка бренда не совпали ни с одним семейством каталога
добавлено в каталог,семейство не найдено,не назначено семейство,lure,topwater_1965,Orig Walker-005,topwater,ylin_uistin,,,Название и подсказка бренда не совпали ни с одним семейством каталога
добавлено в каталог,семейство не найдено,не назначено семейство,lure,topwater_1966,Orig Walker-006,topwater,ylin_uistin,,,Название и подсказка бренда не совпали ни с одним семейством каталога
добавлено в каталог,семейство не найдено,не назначено семейство,lure,topwater_1967,Orig Walker-007,topwater,ylin_uistin,,,Название и подсказка бренда не совпали ни с одним семейством каталога
добавлено в каталог,семейство не найдено,не назначено семейство,lure,topwater_2024,UL Popper-001,topwater,ylin_uistin,,,Название и подсказка бренда не совпали ни с одним семейством каталога
добавлено в каталог,семейство не найдено,не назначено семейство,lure,topwater_2025,UL Popper-002,topwater,ylin_uistin,,,Название и подсказка бренда не совпали ни с одним семейством каталога
добавлено в каталог,семейство не найдено,не назначено семейство,lure,topwater_2026,UL Popper-003,topwater,ylin_uistin,,,Название и подсказка бренда не совпали ни с одним семейством каталога
добавлено в каталог,семейство не найдено,не назначено семейство,lure,topwater_2027,UL Popper-004,topwater,ylin_uistin,,,Название и подсказка бренда не совпали ни с одним семейством каталога
добавлено в каталог,семейство не найдено,не назначено семейство,lure,topwater_2028,UL Popper-005,topwater,ylin_uistin,,,Название и подсказка бренда не совпали ни с одним семейством каталога
добавлено в каталог,семейство не найдено,не назначено семейство,lure,topwater_2029,UL Popper-006,topwater,ylin_uistin,,,Название и подсказка бренда не совпали ни с одним семейством каталога
добавлено в каталог,семейство не найдено,не назначено семейство,lure,plug_m_1752,Terminator SD10-001,wobblers,zeiman,,,Название и подсказка бренда не совпали ни с одним семейством каталога
добавлено в каталог,семейство не найдено,не назначено семейство,lure,plug_m_1753,Terminator SD10-002,wobblers,zeiman,,,Название и подсказка бренда не совпали ни с одним семейством каталога
добавлено в каталог,семейство не найдено,не назначено семейство,lure,plug_m_1754,Terminator SD10-003,wobblers,zeiman,,,Название и подсказка бренда не совпали ни с одним семейством каталога
добавлено в каталог,семейство не найдено,не назначено семейство,lure,plug_m_1755,Terminator SD10-004,wobblers,zeiman,,,Название и подсказка бренда не совпали ни с одним семейством каталога
добавлено в каталог,семейство не найдено,не назначено семейство,lure,plug_m_1756,Terminator SD10-005,wobblers,zeiman,,,Название и подсказка бренда не совпали ни с одним семейством каталога
добавлено в каталог,семейство не найдено,не назначено семейство,lure,plug_m_1757,Terminator SD10-006,wobblers,zeiman,,,Название и подсказка бренда не совпали ни с одним семейством каталога
добавлено в каталог,семейство не найдено,не назначено семейство,lure,plug_m_1758,Terminator SD10-007,wobblers,zeiman,,,Название и подсказка бренда не совпали ни с одним семейством каталога
добавлено в каталог,семейство не найдено,не назначено семейство,lure,plug_m_1816,Terminator SD14-001,wobblers,zeiman,,,Название и подсказка бренда не совпали ни с одним семейством каталога
добавлено в каталог,семейство не найдено,не назначено семейство,lure,plug_m_1817,Terminator SD14-002,wobblers,zeiman,,,Название и подсказка бренда не совпали ни с одним семейством каталога
добавлено в каталог,семейство не найдено,не назначено семейство,lure,plug_m_1818,Terminator SD14-003,wobblers,zeiman,,,Название и подсказка бренда не совпали ни с одним семейством каталога
добавлено в каталог,семейство не найдено,не назначено семейство,lure,plug_m_1819,Terminator SD14-004,wobblers,zeiman,,,Название и подсказка бренда не совпали ни с одним семейством каталога
добавлено в каталог,семейство не найдено,не назначено семейство,lure,plug_m_1820,Terminator SD14-005,wobblers,zeiman,,,Название и подсказка бренда не совпали ни с одним семейством каталога
добавлено в каталог,семейство не найдено,не назначено семейство,lure,plug_m_1821,Terminator SD14-006,wobblers,zeiman,,,Название и подсказка бренда не совпали ни с одним семейством каталога
добавлено в каталог,семейство не найдено,не назначено семейство,lure,plug_m_1822,Terminator SD14-007,wobblers,zeiman,,,Название и подсказка бренда не совпали ни с одним семейством каталога